{
  "dataset": "creditcard_sparse",
  "run_id": 7,
  "seed": 700,
  "config": {
    "emb_dim": 32,
    "hidden_dim": 64,
    "n_layers": 2,
    "loss": "mse",
    "lr": 0.01,
    "activation": "relu"
  },
  "n_features": 29,
  "embedding_dim": 32,
  "timestamp": "2026-03-25T13:48:41.437396",
  "raw": {
    "best_params": {
      "n_estimators": 95,
      "max_depth": 9,
      "learning_rate": 0.24410886540544288,
      "reg_lambda": 0.3841162264476095,
      "gamma": 1.5884401220618027,
      "min_child_weight": 1.356272560339011
    },
    "metrics": {
      "accuracy": 0.9994908886626171,
      "precision": 0.859375,
      "recall": 0.7333333333333333,
      "f1": 0.7913669064748201,
      "auc": 0.9617491987038633
    },
    "confusion_matrix": [
      [
        56878,
        9
      ],
      [
        20,
        55
      ]
    ]
  },
  "embedded": {
    "best_params": {
      "n_estimators": 106,
      "max_depth": 5,
      "learning_rate": 0.2534392963827451,
      "reg_lambda": 8.990398175897399,
      "gamma": 0.4010102668470231,
      "min_child_weight": 0.39314824594598113
    },
    "metrics": {
      "accuracy": 0.9299708577648257,
      "precision": 0.010505252626313157,
      "recall": 0.56,
      "f1": 0.020623618954087895,
      "auc": 0.8582407228365005
    },
    "confusion_matrix": [
      [
        52931,
        3956
      ],
      [
        33,
        42
      ]
    ]
  }
}