{
  "dataset": "creditcard",
  "run_id": 2,
  "seed": 200,
  "config": {
    "emb_dim": 32,
    "hidden_dim": 64,
    "n_layers": 2,
    "loss": "mse",
    "lr": 0.01,
    "activation": "relu"
  },
  "n_features": 29,
  "embedding_dim": 32,
  "timestamp": "2026-03-25T12:09:29.537390",
  "raw": {
    "best_params": {
      "n_estimators": 199,
      "max_depth": 7,
      "learning_rate": 0.06878329076596394,
      "reg_lambda": 0.7101800494457449,
      "gamma": 1.9606887194055083,
      "min_child_weight": 0.983108890046124
    },
    "metrics": {
      "accuracy": 0.9995435553526912,
      "precision": 0.8769230769230769,
      "recall": 0.76,
      "f1": 0.8142857142857143,
      "auc": 0.9834865610772232
    },
    "confusion_matrix": [
      [
        56879,
        8
      ],
      [
        18,
        57
      ]
    ]
  },
  "embedded": {
    "best_params": {
      "n_estimators": 152,
      "max_depth": 4,
      "learning_rate": 0.28474688490393374,
      "reg_lambda": 4.819256589750555,
      "gamma": 0.8965071222076078,
      "min_child_weight": 1.0321556783598536
    },
    "metrics": {
      "accuracy": 0.9523717566096696,
      "precision": 0.016495601173020527,
      "recall": 0.6,
      "f1": 0.03210845522654299,
      "auc": 0.8922797827271609
    },
    "confusion_matrix": [
      [
        54204,
        2683
      ],
      [
        30,
        45
      ]
    ]
  }
}