{
  "dataset": "creditcard_sparse",
  "run_id": 5,
  "seed": 500,
  "config": {
    "emb_dim": 32,
    "hidden_dim": 64,
    "n_layers": 2,
    "loss": "mse",
    "lr": 0.01,
    "activation": "relu"
  },
  "n_features": 29,
  "embedding_dim": 32,
  "timestamp": "2026-03-25T13:34:31.090168",
  "raw": {
    "best_params": {
      "n_estimators": 91,
      "max_depth": 10,
      "learning_rate": 0.1398462985450949,
      "reg_lambda": 3.363126613219874,
      "gamma": 1.135008270003437,
      "min_child_weight": 2.445689324518174
    },
    "metrics": {
      "accuracy": 0.9993504441557529,
      "precision": 0.7714285714285715,
      "recall": 0.72,
      "f1": 0.7448275862068966,
      "auc": 0.9631489326794054
    },
    "confusion_matrix": [
      [
        56871,
        16
      ],
      [
        21,
        54
      ]
    ]
  },
  "embedded": {
    "best_params": {
      "n_estimators": 178,
      "max_depth": 5,
      "learning_rate": 0.23871023682875683,
      "reg_lambda": 0.6910285591998792,
      "gamma": 1.7988053150474639,
      "min_child_weight": 0.2866972601439746
    },
    "metrics": {
      "accuracy": 0.9663810961693761,
      "precision": 0.01781970649895178,
      "recall": 0.4533333333333333,
      "f1": 0.03429147755925366,
      "auc": 0.8735562313592444
    },
    "confusion_matrix": [
      [
        55013,
        1874
      ],
      [
        41,
        34
      ]
    ]
  }
}