{
  "dataset": "creditcard",
  "run_id": 1,
  "seed": 100,
  "config": {
    "emb_dim": 32,
    "hidden_dim": 64,
    "n_layers": 2,
    "loss": "mse",
    "lr": 0.01,
    "activation": "relu"
  },
  "n_features": 29,
  "embedding_dim": 32,
  "timestamp": "2026-03-25T12:03:58.786868",
  "raw": {
    "best_params": {
      "n_estimators": 149,
      "max_depth": 10,
      "learning_rate": 0.2923664472862296,
      "reg_lambda": 0.15555666112471775,
      "gamma": 0.6542552771732842,
      "min_child_weight": 2.3428511434027466
    },
    "metrics": {
      "accuracy": 0.9995611109160493,
      "precision": 0.9166666666666666,
      "recall": 0.7333333333333333,
      "f1": 0.8148148148148148,
      "auc": 0.979862768880998
    },
    "confusion_matrix": [
      [
        56882,
        5
      ],
      [
        20,
        55
      ]
    ]
  },
  "embedded": {
    "best_params": {
      "n_estimators": 94,
      "max_depth": 5,
      "learning_rate": 0.2993915681833934,
      "reg_lambda": 2.0024658247573495,
      "gamma": 1.1100667330303768,
      "min_child_weight": 0.5748437572192729
    },
    "metrics": {
      "accuracy": 0.9560759804782135,
      "precision": 0.017111022682053324,
      "recall": 0.5733333333333334,
      "f1": 0.03323029366306028,
      "auc": 0.8957606014262193
    },
    "confusion_matrix": [
      [
        54417,
        2470
      ],
      [
        32,
        43
      ]
    ]
  }
}