{
  "dataset": "creditcard_sparse",
  "run_id": 6,
  "seed": 600,
  "config": {
    "emb_dim": 32,
    "hidden_dim": 64,
    "n_layers": 2,
    "loss": "mse",
    "lr": 0.01,
    "activation": "relu"
  },
  "n_features": 29,
  "embedding_dim": 32,
  "timestamp": "2026-03-25T13:41:40.819043",
  "raw": {
    "best_params": {
      "n_estimators": 130,
      "max_depth": 10,
      "learning_rate": 0.08646855860335197,
      "reg_lambda": 0.8585681684447506,
      "gamma": 0.3993003158831511,
      "min_child_weight": 1.7529308880531531
    },
    "metrics": {
      "accuracy": 0.9994557775359011,
      "precision": 0.8548387096774194,
      "recall": 0.7066666666666667,
      "f1": 0.7737226277372263,
      "auc": 0.9576542971153339
    },
    "confusion_matrix": [
      [
        56878,
        9
      ],
      [
        22,
        53
      ]
    ]
  },
  "embedded": {
    "best_params": {
      "n_estimators": 106,
      "max_depth": 6,
      "learning_rate": 0.2468481668457245,
      "reg_lambda": 0.19531182443757927,
      "gamma": 0.0823673982553248,
      "min_child_weight": 4.505713155094324
    },
    "metrics": {
      "accuracy": 0.9410308626803834,
      "precision": 0.011600237953599048,
      "recall": 0.52,
      "f1": 0.022694210066918824,
      "auc": 0.8363462068076479
    },
    "confusion_matrix": [
      [
        53564,
        3323
      ],
      [
        36,
        39
      ]
    ]
  }
}