{
  "dataset": "santander",
  "run_id": 2,
  "seed": 200,
  "config": {
    "emb_dim": 32,
    "hidden_dim": 64,
    "n_layers": 2,
    "loss": "mse",
    "lr": 0.01,
    "activation": "relu"
  },
  "n_features": 200,
  "embedding_dim": 32,
  "timestamp": "2026-03-25T14:22:01.419315",
  "raw": {
    "best_params": {
      "n_estimators": 181,
      "max_depth": 5,
      "learning_rate": 0.25053990528591485,
      "reg_lambda": 3.2544684279591123,
      "gamma": 1.3785349809245457,
      "min_child_weight": 4.501983041913178
    },
    "metrics": {
      "accuracy": 0.86355,
      "precision": 0.39743776386664725,
      "recall": 0.674240553223018,
      "f1": 0.5000915918666422,
      "auc": 0.8762470657644873
    },
    "confusion_matrix": [
      [
        31812,
        4139
      ],
      [
        1319,
        2730
      ]
    ]
  },
  "embedded": {
    "best_params": {
      "n_estimators": 109,
      "max_depth": 4,
      "learning_rate": 0.0012195369165803748,
      "reg_lambda": 2.66104001543537,
      "gamma": 1.4220164787219034,
      "min_child_weight": 0.47184831518561837
    },
    "metrics": {
      "accuracy": 0.7757,
      "precision": 0.2759625011377082,
      "recall": 0.7488268708323043,
      "f1": 0.40329874966746476,
      "auc": 0.8444018012799851
    },
    "confusion_matrix": [
      [
        27996,
        7955
      ],
      [
        1017,
        3032
      ]
    ]
  }
}