{
  "dataset": "santander",
  "run_id": 9,
  "seed": 900,
  "config": {
    "emb_dim": 32,
    "hidden_dim": 64,
    "n_layers": 2,
    "loss": "mse",
    "lr": 0.01,
    "activation": "relu"
  },
  "n_features": 200,
  "embedding_dim": 32,
  "timestamp": "2026-03-25T15:09:19.361658",
  "raw": {
    "best_params": {
      "n_estimators": 160,
      "max_depth": 5,
      "learning_rate": 0.28178017767577423,
      "reg_lambda": 0.2147041892009213,
      "gamma": 0.6088151880927769,
      "min_child_weight": 4.572692396549497
    },
    "metrics": {
      "accuracy": 0.86215,
      "precision": 0.3946497914569251,
      "recall": 0.6776981970857002,
      "f1": 0.4988183966551536,
      "auc": 0.8742905492389036
    },
    "confusion_matrix": [
      [
        31742,
        4209
      ],
      [
        1305,
        2744
      ]
    ]
  },
  "embedded": {
    "best_params": {
      "n_estimators": 71,
      "max_depth": 6,
      "learning_rate": 0.009021134510570397,
      "reg_lambda": 5.197723558284364,
      "gamma": 0.7274389729052713,
      "min_child_weight": 1.9758145545902492
    },
    "metrics": {
      "accuracy": 0.7803,
      "precision": 0.27844787283777467,
      "recall": 0.735490244504816,
      "f1": 0.40396093326098753,
      "auc": 0.8436258761934541
    },
    "confusion_matrix": [
      [
        28234,
        7717
      ],
      [
        1071,
        2978
      ]
    ]
  }
}