{
  "baseline": {
    "frozen": {
      "accuracy": 0.99846,
      "f1": 0.9911889232177594,
      "auc": 0.9999749737874879,
      "precision": 0.9913590844062947,
      "recall": 0.9910188204336137
    },
    "tuned": {
      "accuracy": 0.99847,
      "f1": 0.9912376152568582,
      "auc": 0.999972674230559,
      "precision": 0.9923742904649963,
      "recall": 0.9901035409873578
    },
    "best_params": {
      "n_estimators": 184,
      "max_depth": 5,
      "learning_rate": 0.028671056278566844,
      "subsample": 0.7177343251658946,
      "colsample_bytree": 0.9202685958641559,
      "reg_lambda": 0.24209314626208306,
      "objective": "binary:logistic",
      "eval_metric": "logloss",
      "n_jobs": 1,
      "thread_count": 1,
      "tree_method": "hist",
      "random_state": 42,
      "verbosity": 0
    }
  },
  "projections": []
}