{
  "timestamp": "2026-01-10T13:41:58.371648",
  "best_params": {
    "n_estimators": 294,
    "max_depth": 6,
    "learning_rate": 0.29634171650566943,
    "subsample": 0.6616142153032372,
    "colsample_bytree": 0.7614459600592656,
    "gamma": 2.363803161540409,
    "reg_lambda": 1.5419915710577512,
    "min_child_weight": 5.078492067009818
  },
  "metrics": {
    "accuracy": 0.91714225322342,
    "precision": 0.3924466338259442,
    "recall": 0.04813695871097684,
    "f1": 0.08575529242913527,
    "auc": 0.7338695766898053,
    "confusion_matrix": [
      [
        56168,
        370
      ],
      [
        4726,
        239
      ]
    ]
  }
}