{
  "dataset": "santander",
  "run_id": 4,
  "seed": 400,
  "config": {
    "emb_dim": 64,
    "hidden_dim": 64,
    "n_layers": 2,
    "loss": "mse",
    "lr": 0.001,
    "activation": "relu"
  },
  "n_features": 200,
  "embedding_dim": 64,
  "timestamp": "2026-03-25T01:25:24.082724",
  "raw": {
    "best_params": {
      "n_estimators": 176,
      "max_depth": 5,
      "learning_rate": 0.20520171853167904,
      "reg_lambda": 0.3031020027958309,
      "gamma": 1.1398288452316303,
      "min_child_weight": 2.2374178427263223
    },
    "metrics": {
      "accuracy": 0.85985,
      "precision": 0.3900579014263522,
      "recall": 0.6821437391948629,
      "f1": 0.4963162623539982,
      "auc": 0.8765773532797404
    },
    "confusion_matrix": [
      [
        31632,
        4319
      ],
      [
        1287,
        2762
      ]
    ]
  },
  "embedded": {
    "best_params": {
      "n_estimators": 147,
      "max_depth": 9,
      "learning_rate": 0.14261000307989546,
      "reg_lambda": 0.1661969429345784,
      "gamma": 1.1830620012733268,
      "min_child_weight": 2.0296782481157676
    },
    "metrics": {
      "accuracy": 0.864,
      "precision": 0.3816573081504169,
      "recall": 0.5539639417140034,
      "f1": 0.45194438847471285,
      "auc": 0.8346565866843306
    },
    "confusion_matrix": [
      [
        32317,
        3634
      ],
      [
        1806,
        2243
      ]
    ]
  }
}