{
  "dataset": "creditcard",
  "run_id": 6,
  "seed": 600,
  "config": {
    "emb_dim": 32,
    "hidden_dim": 64,
    "n_layers": 3,
    "loss": "mse",
    "lr": 0.001,
    "activation": "relu"
  },
  "n_features": 29,
  "embedding_dim": 32,
  "timestamp": "2026-03-24T16:30:41.742428",
  "training_losses": [
    0.0074413479052521,
    0.002180837347007116,
    0.0021808668633880577,
    0.002180823752871212,
    0.0021807544419911924,
    0.0020805902858421137,
    0.0011520225645483047,
    0.0008451188906836053,
    0.0007748363744216805,
    0.0007213164792726662,
    0.000647416974457304,
    0.0006499644644109847,
    0.0008150150731631676,
    0.0007637550623471735,
    0.0006865903128267562,
    0.0006563266126725077,
    0.0006203012796610584,
    0.0005825637828297945,
    0.000564008882225862,
    0.0005787207089106427,
    0.0005776730141579964,
    0.0005772627431386496,
    0.0006556181271335803,
    0.0006784239697556816,
    0.0006219466725427076,
    0.0006051732486246713,
    0.000586814147656789,
    0.0005900954658461522,
    0.0005540980097899673,
    0.0004928551386125236,
    0.0005035800920787952,
    0.0005301574840457446,
    0.00048401913717154477,
    0.0005325643291933842,
    0.0005119209490538663,
    0.0005170504074393435,
    0.0004913525456135115,
    0.0004974176934368362,
    0.00048418571317753524,
    0.0004134155919951282,
    0.0004186675866610552,
    0.00038312294822562205,
    0.0005758844294750693,
    0.0004563647077683014,
    0.0004610347314850059,
    0.00043431467618139857,
    0.0004101789283841499,
    0.0003620761113559657,
    0.000360923623158075,
    0.000358258079989176,
    0.00037711472578809267,
    0.0003541177953141157,
    0.00037602484964364513,
    0.00037608507490618305,
    0.0003679629899814662,
    0.00040704436131932555,
    0.00036969118414747327,
    0.0003571593147656891,
    0.0003477952277435568,
    0.00035599503851128467,
    0.0003452330349099129,
    0.0004006865687788574,
    0.00039659260547884255,
    0.0003307753092380239,
    0.0003261639079247023,
    0.00033540683243661124,
    0.0003202567779151208,
    0.0003149142907180529,
    0.0003143334077158569,
    0.00037117961032281796,
    0.0003500042055176112,
    0.0003538808283798823,
    0.00033715631840847696,
    0.000360104338809118,
    0.00037019551268183094,
    0.0003260064346772151,
    0.0003733237286581487,
    0.00033128881867795947,
    0.0003178355170260891,
    0.00031327018637508576,
    0.0003495124820218298,
    0.0003477478367467407,
    0.00033407799084900767,
    0.00034559556481965093,
    0.00031898376771699117,
    0.00029317659187908977,
    0.00029365532836494334,
    0.00027873010285755807,
    0.0002894035026707044,
    0.0002813107582631027,
    0.0002982872690016577,
    0.00028097140633421457,
    0.0003727286445518969,
    0.00031231051738321754,
    0.0003010078367124103,
    0.0003245740320146808,
    0.00028971413920587317,
    0.00028284654387215793,
    0.00030835431977580875,
    0.00028707386050273
  ],
  "raw": {
    "best_params": {
      "n_estimators": 135,
      "max_depth": 8,
      "learning_rate": 0.078470322384464,
      "reg_lambda": 1.939718817315799,
      "gamma": 0.27366098653989074,
      "min_child_weight": 1.154809814282646
    },
    "metrics": {
      "accuracy": 0.9995786664794073,
      "precision": 0.9180327868852459,
      "recall": 0.7466666666666667,
      "f1": 0.8235294117647058,
      "auc": 0.984641599428106
    },
    "confusion_matrix": [
      [
        56882,
        5
      ],
      [
        19,
        56
      ]
    ]
  },
  "embedded": {
    "best_params": {
      "n_estimators": 198,
      "max_depth": 4,
      "learning_rate": 0.012361685358201474,
      "reg_lambda": 0.28325713072199404,
      "gamma": 0.05008129421609475,
      "min_child_weight": 2.691502290202285
    },
    "metrics": {
      "accuracy": 0.9939433306414803,
      "precision": 0.1556122448979592,
      "recall": 0.8133333333333334,
      "f1": 0.26124197002141325,
      "auc": 0.9238593468923774
    },
    "confusion_matrix": [
      [
        56556,
        331
      ],
      [
        14,
        61
      ]
    ]
  }
}