{
  "dataset": "creditcard",
  "run_id": 4,
  "seed": 400,
  "config": {
    "emb_dim": 32,
    "hidden_dim": 64,
    "n_layers": 3,
    "loss": "mse",
    "lr": 0.001,
    "activation": "relu"
  },
  "n_features": 29,
  "embedding_dim": 32,
  "timestamp": "2026-03-24T16:09:36.968540",
  "training_losses": [
    0.005701255243291236,
    0.002180852451477313,
    0.0021808527396096474,
    0.002180852635953002,
    0.0021808503234591213,
    0.0021808479164231245,
    0.0021808402979319615,
    0.002175229729515891,
    0.0014553776108601273,
    0.000908088966105434,
    0.0008083130902812246,
    0.0009262836076390079,
    0.0008155524174938019,
    0.0007440149569928761,
    0.0006972082315220011,
    0.0006809141436298101,
    0.0006698045597861654,
    0.0005970906836305955,
    0.0007804749738285001,
    0.000675515287255914,
    0.000656407473280531,
    0.0005981315233003997,
    0.0005770473533583778,
    0.0005629950554028665,
    0.0005340226311214912,
    0.0005073696005363929,
    0.000476123026058444,
    0.0004577433763897936,
    0.0004058669238814064,
    0.00045761523725892136,
    0.000588010121205744,
    0.000560185850458363,
    0.0005839826770415558,
    0.0005429579047969385,
    0.0005477637993598661,
    0.0005245354394268,
    0.0004541077417063479,
    0.0005207562251921687,
    0.0004636334729215348,
    0.0004792178687093302,
    0.0004314608017891775,
    0.00043099629825247014,
    0.00042348531289119806,
    0.00042977180816865864,
    0.00041606873214039927,
    0.0004111817556664338,
    0.0004263498262546453,
    0.00035758847505023173,
    0.0003348002222992603,
    0.00034021944308902045,
    0.00033567694258932314,
    0.00033345628173177765,
    0.00032141779734006247,
    0.00032850027726644067,
    0.0003424538231628155,
    0.00033663848322772617,
    0.00033161695364453836,
    0.00031562622437027773,
    0.0003560781581688899,
    0.00029542988675247526,
    0.0003407066884960203,
    0.00029729801257473865,
    0.0002856562208004288,
    0.0002975171114952604,
    0.0003349310144160924,
    0.00029998956617347195,
    0.0002845775834226148,
    0.00029008727595806306,
    0.000281674223501247,
    0.00028113225801254646,
    0.00028553828735224606,
    0.00030531104735046047,
    0.00030543617482291685,
    0.00032861225206565133,
    0.00036625729245564893,
    0.0003274212094502682,
    0.00032168804202230695,
    0.00030792787600886516,
    0.00031373289775678834,
    0.000312610443839242,
    0.0003098119228741632,
    0.0002988546841057177,
    0.0002957688626863639,
    0.0003032179776429798,
    0.00029422396724933367,
    0.0002982264361742166,
    0.00029642784466399997,
    0.00029603581644667355,
    0.0002947877333959987,
    0.0002945036328401855,
    0.0002948027857839413,
    0.00029948761399253035,
    0.0002924891262993762,
    0.0002871610647317996,
    0.0002702154966549958,
    0.0002634342385656264,
    0.00027426750348092315,
    0.0002534297014563698,
    0.0002511464144419649,
    0.00025233666289537204
  ],
  "raw": {
    "best_params": {
      "n_estimators": 97,
      "max_depth": 7,
      "learning_rate": 0.2583670747387442,
      "reg_lambda": 1.1658954133260142,
      "gamma": 1.9854682739149256,
      "min_child_weight": 0.11652739627287642
    },
    "metrics": {
      "accuracy": 0.9994908886626171,
      "precision": 0.859375,
      "recall": 0.7333333333333333,
      "f1": 0.7913669064748201,
      "auc": 0.9849859077352178
    },
    "confusion_matrix": [
      [
        56878,
        9
      ],
      [
        20,
        55
      ]
    ]
  },
  "embedded": {
    "best_params": {
      "n_estimators": 110,
      "max_depth": 10,
      "learning_rate": 0.2810214687079253,
      "reg_lambda": 2.8288015920934284,
      "gamma": 0.06819907604610254,
      "min_child_weight": 1.1483605909786907
    },
    "metrics": {
      "accuracy": 0.9992802219023208,
      "precision": 0.7236842105263158,
      "recall": 0.7333333333333333,
      "f1": 0.7284768211920529,
      "auc": 0.937557028260704
    },
    "confusion_matrix": [
      [
        56866,
        21
      ],
      [
        20,
        55
      ]
    ]
  }
}