{
  "dataset": "creditcard",
  "run_id": 3,
  "seed": 300,
  "config": {
    "emb_dim": 32,
    "hidden_dim": 64,
    "n_layers": 3,
    "loss": "mse",
    "lr": 0.001,
    "activation": "relu"
  },
  "n_features": 29,
  "embedding_dim": 32,
  "timestamp": "2026-03-24T16:00:26.713524",
  "training_losses": [
    0.00738878066523204,
    0.0021808375570535467,
    0.002180835576202301,
    0.002180831188128656,
    0.0021808243585018845,
    0.002180800923622709,
    0.002179890893726983,
    0.0018014401510579212,
    0.0011016808249954917,
    0.0008212245639062114,
    0.0010620224931917955,
    0.0009673106241906512,
    0.0009010026306443505,
    0.0009835951243211177,
    0.0008777721903707692,
    0.0008611159777471144,
    0.0008624647093214563,
    0.0008364730453783285,
    0.0007350167645525284,
    0.0006649436868148662,
    0.0006421803605853407,
    0.0006252323375259285,
    0.0006427312709383637,
    0.0006883593311890878,
    0.0005591613137179438,
    0.000512323464487782,
    0.000657671316697013,
    0.0006698286310045641,
    0.0006389826298903316,
    0.0006470007527016906,
    0.0005162527477504033,
    0.0004890193733762126,
    0.00046495743504018666,
    0.0004652546939273232,
    0.0004668365230014926,
    0.00044173010223115067,
    0.0005561892968743193,
    0.0005065001666698351,
    0.0005168560063442329,
    0.00044229018750300555,
    0.0004153331766329268,
    0.0005199649108897343,
    0.0005816504075418615,
    0.0005036543003235779,
    0.00047425792924154066,
    0.0004894547010344562,
    0.0004106469223640506,
    0.00037631488096110787,
    0.00037588213600667035,
    0.00036020699682895197,
    0.0007268984739858586,
    0.0004414262958926987,
    0.0004431051242016916,
    0.000442943285756956,
    0.00043669485843656505,
    0.0003767431692992258,
    0.0003720347627535905,
    0.0004090791175214338,
    0.00039145274863423813,
    0.0004064897674250188,
    0.00040455161128475205,
    0.0004000537478501259,
    0.0003699787165745486,
    0.0003450096771373799,
    0.000330587696148077,
    0.00033022810835086984,
    0.00034537065046085267,
    0.00033507390418827516,
    0.00033768561013669166,
    0.00033639513901388766,
    0.0003330645389517395,
    0.00035298013890920936,
    0.00033210743791041854,
    0.0003176405202238152,
    0.0003229433914309631,
    0.0002966425215052031,
    0.00030192815277943263,
    0.0002803141454823032,
    0.00028961976199912473,
    0.00029536139085337333,
    0.0002676672641192906,
    0.00027651211244173287,
    0.00027668478856552746,
    0.0002831471926807688,
    0.0002760891137966694,
    0.0002733527062478118,
    0.0003007729012970814,
    0.00028306214926548674,
    0.0002944401216611861,
    0.00030128489152526477,
    0.0003291386659375036,
    0.00032761258648873217,
    0.000309030581110224,
    0.00030243240256512614,
    0.0003031975355022909,
    0.0003126168239347888,
    0.0003015386025145071,
    0.00030659910803815287,
    0.0003017444639807308,
    0.0003058597731628977
  ],
  "raw": {
    "best_params": {
      "n_estimators": 75,
      "max_depth": 8,
      "learning_rate": 0.2209598456957832,
      "reg_lambda": 1.224184248669689,
      "gamma": 0.0014589393285670096,
      "min_child_weight": 0.83523029263704
    },
    "metrics": {
      "accuracy": 0.9995435553526912,
      "precision": 0.9152542372881356,
      "recall": 0.72,
      "f1": 0.8059701492537313,
      "auc": 0.9862792319276226
    },
    "confusion_matrix": [
      [
        56882,
        5
      ],
      [
        21,
        54
      ]
    ]
  },
  "embedded": {
    "best_params": {
      "n_estimators": 126,
      "max_depth": 9,
      "learning_rate": 0.2552325618817577,
      "reg_lambda": 0.19341972383916312,
      "gamma": 0.3459021294362138,
      "min_child_weight": 0.3225656696918832
    },
    "metrics": {
      "accuracy": 0.9969453319757031,
      "precision": 0.25853658536585367,
      "recall": 0.7066666666666667,
      "f1": 0.37857142857142856,
      "auc": 0.9393686899760345
    },
    "confusion_matrix": [
      [
        56735,
        152
      ],
      [
        22,
        53
      ]
    ]
  }
}