{
  "dataset": "creditcard",
  "run_id": 1,
  "seed": 100,
  "config": {
    "emb_dim": 32,
    "hidden_dim": 64,
    "n_layers": 3,
    "loss": "mse",
    "lr": 0.001,
    "activation": "relu"
  },
  "n_features": 29,
  "embedding_dim": 32,
  "timestamp": "2026-03-24T15:42:12.113518",
  "training_losses": [
    0.006840974094366409,
    0.0021807120535665635,
    0.0021734198060073037,
    0.0012150866700054472,
    0.0008749986861491572,
    0.0011559811253139523,
    0.0008791105575310811,
    0.0008758045212107517,
    0.0008371093067953769,
    0.0008316828018492362,
    0.0007823010593010475,
    0.0008184876066700929,
    0.0006879414286321112,
    0.00066618668849003,
    0.0006389415539974822,
    0.0005722442860391561,
    0.0006021899260693087,
    0.0006297918257332081,
    0.0006086158523065503,
    0.0006077958551931458,
    0.0006004273365973821,
    0.0006060416393775806,
    0.0006247215355144649,
    0.0005895230560647847,
    0.0005180085595698412,
    0.0005672943478766128,
    0.0006076026682003724,
    0.0006129608511418733,
    0.000591897233853594,
    0.0005959622263257153,
    0.0005812099593837814,
    0.0005760828497105317,
    0.0005683569945353224,
    0.000578784120934943,
    0.0006388777353444577,
    0.0005596780077927622,
    0.000486555175519362,
    0.0004556886006203743,
    0.00046762516872884876,
    0.00045211423434163636,
    0.00043458454457401746,
    0.0004822938165983659,
    0.0004649489619472161,
    0.0004193933539682571,
    0.0004089304474048646,
    0.0003936080338425566,
    0.0004064297268768546,
    0.0004296064459264237,
    0.0003984678594390238,
    0.0003983183374348158,
    0.00039461199740953377,
    0.00039448849733961683,
    0.00039100056998550965,
    0.00040434460594681074,
    0.00037153444492651606,
    0.00036444200711359696,
    0.0003750994571736664,
    0.0004419647757361669,
    0.00044314981344335585,
    0.0004432300030868753,
    0.00044246079785964986,
    0.000431135522968552,
    0.0004359265105028969,
    0.00042228945437265415,
    0.00043329702907668764,
    0.0004350480492143925,
    0.00043303921216683756,
    0.00040319690717916684,
    0.00040666660358860366,
    0.0003801740029647779,
    0.0003279179941329974,
    0.000325081837807613,
    0.0003290259714543551,
    0.0003192874876186257,
    0.0003356995953135438,
    0.00033924669257013213,
    0.00032691708620855866,
    0.00031338909391330076,
    0.00028012905263134405,
    0.0002857366151576759,
    0.0002805795119624549,
    0.00027689641042776984,
    0.0002927067359078488,
    0.0002787918352756321,
    0.00033237244045193626,
    0.00034033109370523555,
    0.0003344762964329039,
    0.0002913025315745787,
    0.00028634187281283764,
    0.00027902556504516617,
    0.00029291087752784294,
    0.0002844060959121757,
    0.0002829865813673124,
    0.00028697234381373576,
    0.00027562723629392987,
    0.00027623568177648125,
    0.00027419314964372156,
    0.00027515155668713596,
    0.0002746088236549051,
    0.00027542734698252357
  ],
  "raw": {
    "best_params": {
      "n_estimators": 135,
      "max_depth": 5,
      "learning_rate": 0.23677212835459185,
      "reg_lambda": 0.10585272332818943,
      "gamma": 1.171578777392689,
      "min_child_weight": 1.1183453578611386
    },
    "metrics": {
      "accuracy": 0.9995611109160493,
      "precision": 0.890625,
      "recall": 0.76,
      "f1": 0.8201438848920863,
      "auc": 0.9844723750593282
    },
    "confusion_matrix": [
      [
        56880,
        7
      ],
      [
        18,
        57
      ]
    ]
  },
  "embedded": {
    "best_params": {
      "n_estimators": 86,
      "max_depth": 7,
      "learning_rate": 0.15403800801220402,
      "reg_lambda": 0.2092651331461874,
      "gamma": 1.5256178121392847,
      "min_child_weight": 2.810620496686954
    },
    "metrics": {
      "accuracy": 0.9971033320459254,
      "precision": 0.28365384615384615,
      "recall": 0.7866666666666666,
      "f1": 0.4169611307420495,
      "auc": 0.9404963055413949
    },
    "confusion_matrix": [
      [
        56738,
        149
      ],
      [
        16,
        59
      ]
    ]
  }
}