{
  "dataset": "creditcard",
  "run_id": 2,
  "seed": 200,
  "config": {
    "emb_dim": 32,
    "hidden_dim": 64,
    "n_layers": 3,
    "loss": "mse",
    "lr": 0.001,
    "activation": "relu"
  },
  "n_features": 29,
  "embedding_dim": 32,
  "timestamp": "2026-03-24T15:51:00.992572",
  "training_losses": [
    0.005871991046354157,
    0.002180840599941843,
    0.002204606222773081,
    0.0021806488197173937,
    0.0014846505335049441,
    0.0009031774497536011,
    0.0007159815678386179,
    0.0008090436787282125,
    0.0008634512089919042,
    0.0009966335363354715,
    0.0008961906930409811,
    0.0008428311699694087,
    0.0009618805668997559,
    0.00086848518143557,
    0.0007507893990943716,
    0.0007457561760958581,
    0.000660879242179047,
    0.0006565368766599377,
    0.000616131296409173,
    0.0006980155085235325,
    0.0006032811597433427,
    0.0005501740872312492,
    0.0005501633839861733,
    0.0007422304151047939,
    0.0005736453890438011,
    0.0004937867981560423,
    0.00044555517734260977,
    0.00042985373613262345,
    0.00040863952926660713,
    0.00052658697065795,
    0.00048638554498734934,
    0.0005082499844977657,
    0.0005560247187523176,
    0.00051058167639579,
    0.0005044171239939166,
    0.0004807751325968075,
    0.0004660666945947028,
    0.0005059121199050618,
    0.00047015281961919786,
    0.0004667943922393691,
    0.0004049334119888815,
    0.0003705557924587701,
    0.0003572770458064757,
    0.00043264987195137965,
    0.00040388642581878984,
    0.00042601916294552066,
    0.00034564172647754993,
    0.00034431109381714907,
    0.0003412172994150674,
    0.0003409211191910887,
    0.00035594541730147623,
    0.00035236827460502143,
    0.00033023656780261577,
    0.0003386461686031869,
    0.0003453051871089372,
    0.00033406693557895437,
    0.000329872173992943,
    0.00032324037385949423,
    0.0003293176859510576,
    0.0003186029142464514,
    0.000348636312345748,
    0.00032724569585323207,
    0.0003050528280832497,
    0.00029701278941450434,
    0.00029968977328173314,
    0.0003199691420872755,
    0.00029393610379464845,
    0.00030306348305466453,
    0.00029688466784592784,
    0.0003150331119687354,
    0.00029629840207367114,
    0.00030965058859112177,
    0.0002924693822040376,
    0.00033491918626634776,
    0.00035486614651335,
    0.000317940018960817,
    0.0003258117905117951,
    0.00033732107204529716,
    0.0003215217704938991,
    0.00033077905839491224,
    0.00036314062810924216,
    0.0003155415961362004,
    0.000295013591377828,
    0.00028670244633964407,
    0.0002897181286131829,
    0.0002728270563525255,
    0.00029090023185206004,
    0.0003269437803116549,
    0.00031230182297235884,
    0.0003177480465687994,
    0.0003263653311860942,
    0.00031112390014873513,
    0.0003159983598744506,
    0.00031112980892962565,
    0.00028605972968683566,
    0.00028506879556245427,
    0.0002943238664602145,
    0.0002719456643249998,
    0.00026000828447013635,
    0.0002577700152273333
  ],
  "raw": {
    "best_params": {
      "n_estimators": 150,
      "max_depth": 8,
      "learning_rate": 0.11795660713216273,
      "reg_lambda": 0.34209239241468203,
      "gamma": 0.6929661255818478,
      "min_child_weight": 1.0323976617720518
    },
    "metrics": {
      "accuracy": 0.9995435553526912,
      "precision": 0.9016393442622951,
      "recall": 0.7333333333333333,
      "f1": 0.8088235294117647,
      "auc": 0.9864245492526119
    },
    "confusion_matrix": [
      [
        56881,
        6
      ],
      [
        20,
        55
      ]
    ]
  },
  "embedded": {
    "best_params": {
      "n_estimators": 167,
      "max_depth": 7,
      "learning_rate": 0.29975929748810953,
      "reg_lambda": 5.208172714478741,
      "gamma": 0.8137402422653364,
      "min_child_weight": 0.16169629468208055
    },
    "metrics": {
      "accuracy": 0.9991046662687406,
      "precision": 0.6333333333333333,
      "recall": 0.76,
      "f1": 0.6909090909090909,
      "auc": 0.9597087793930659
    },
    "confusion_matrix": [
      [
        56854,
        33
      ],
      [
        18,
        57
      ]
    ]
  }
}