{
  "dataset": "creditcard",
  "run_id": 5,
  "seed": 500,
  "config": {
    "emb_dim": 32,
    "hidden_dim": 64,
    "n_layers": 3,
    "loss": "mse",
    "lr": 0.001,
    "activation": "relu"
  },
  "n_features": 29,
  "embedding_dim": 32,
  "timestamp": "2026-03-24T16:20:29.845614",
  "training_losses": [
    0.007190568905361362,
    0.0021808492317389482,
    0.0021808482111346657,
    0.0021808464589675664,
    0.0021812140381938135,
    0.0021808196130835666,
    0.0017504900934186987,
    0.0010600519102815795,
    0.001036512415891785,
    0.0008860122466626938,
    0.0008512372873418913,
    0.0008339837097422381,
    0.0008915582989867968,
    0.0008296906169739601,
    0.0008316313501461481,
    0.0008310181675170525,
    0.0008184961827354948,
    0.0006819749298854367,
    0.0006498796414130675,
    0.0006661249005924403,
    0.0007281034590580701,
    0.0006393139650754802,
    0.0006671455265180537,
    0.0006613937553138526,
    0.0006705648047804438,
    0.0006751853259953729,
    0.0006529620294561688,
    0.0006646730448974768,
    0.0006685083609878656,
    0.0005902607352638515,
    0.0005466688633158836,
    0.0005173741345444942,
    0.0006640374330315709,
    0.0005312851746617139,
    0.0005401762020018698,
    0.0005091708871800611,
    0.0005371158712214017,
    0.0005353357909606795,
    0.0005305468581177717,
    0.000650819726190886,
    0.0004501156335069412,
    0.00042483896974785583,
    0.00047481093670625416,
    0.0005345972887317303,
    0.0005279367250762987,
    0.00044958988738796456,
    0.0004708890282935685,
    0.00044308368896965253,
    0.00044458743039279863,
    0.00045144894445869855,
    0.0004499910432351182,
    0.0004150891829954648,
    0.00041755545967629015,
    0.0004321162282812109,
    0.0004843848657490208,
    0.00041950519385003165,
    0.00039509577980019776,
    0.0003870033575421787,
    0.0005075869148383267,
    0.00046605374586922117,
    0.0004780051452425215,
    0.0004904472869833662,
    0.0004667199160441572,
    0.00047559677652025544,
    0.000457702864147775,
    0.00045601035648583734,
    0.0004911909298968074,
    0.0005198011738223601,
    0.0004937113411144087,
    0.00045670513950054925,
    0.000460698640337414,
    0.0004402266286855807,
    0.0004475908788773916,
    0.00044536469741030823,
    0.000442639303581359,
    0.0004434783723570817,
    0.0004438910091321744,
    0.0004259346626219838,
    0.0004276025981237059,
    0.0003698842149374641,
    0.0003774627869241695,
    0.0003481262417968731,
    0.000341610788725932,
    0.00032635340945611727,
    0.0003227995502906491,
    0.000345269721076343,
    0.00033787979972800666,
    0.00033585993958507466,
    0.0003582449553209109,
    0.00033805383148891483,
    0.0003332036200582552,
    0.00032956258010532954,
    0.00035395800988480335,
    0.0003279290709884869,
    0.0003419442724780687,
    0.00028727253727904166,
    0.0003167727092182104,
    0.00030477112773871014,
    0.0003048082711395053,
    0.00030596383849834343
  ],
  "raw": {
    "best_params": {
      "n_estimators": 176,
      "max_depth": 8,
      "learning_rate": 0.11822814597828142,
      "reg_lambda": 3.470077376598478,
      "gamma": 0.4999507419530084,
      "min_child_weight": 1.2640313104335064
    },
    "metrics": {
      "accuracy": 0.9995786664794073,
      "precision": 0.9047619047619048,
      "recall": 0.76,
      "f1": 0.8260869565217391,
      "auc": 0.9885881367154769
    },
    "confusion_matrix": [
      [
        56881,
        6
      ],
      [
        18,
        57
      ]
    ]
  },
  "embedded": {
    "best_params": {
      "n_estimators": 177,
      "max_depth": 9,
      "learning_rate": 0.2802158091578476,
      "reg_lambda": 0.5656288538182745,
      "gamma": 1.264784692126046,
      "min_child_weight": 0.48429805276976634
    },
    "metrics": {
      "accuracy": 0.9986482216214319,
      "precision": 0.49122807017543857,
      "recall": 0.7466666666666667,
      "f1": 0.5925925925925926,
      "auc": 0.9320967297742309
    },
    "confusion_matrix": [
      [
        56829,
        58
      ],
      [
        19,
        56
      ]
    ]
  }
}