{
    "dataset_name": "card_transdata",
    "n_features_orig": 7,
    "baseline": {
        "accuracy": 0.99839,
        "precision": 0.9935001438021283,
        "f1": 0.9907646417713531,
        "auc": 0.9999745915727305,
        "threshold": 0.9000000000000002
    },
    "sweep_results": [
        {
            "accuracy": 0.91776875,
            "precision": 0.6689824274621986,
            "f1": 0.19925750106505996,
            "auc": 0.714163478029084,
            "threshold": 0.8000000000000002,
            "n_dim": 1
        },
        {
            "accuracy": 0.84495625,
            "precision": 0.2961539910347685,
            "f1": 0.3879499642249143,
            "auc": 0.8218826703041321,
            "threshold": 0.6500000000000001,
            "n_dim": 2
        },
        {
            "accuracy": 0.9518875,
            "precision": 0.79550582925912,
            "f1": 0.687327376116978,
            "auc": 0.9419659619642635,
            "threshold": 0.8000000000000002,
            "n_dim": 3
        }
    ]
}