{
  "dataset": "creditcard",
  "n_runs": 20,
  "raw_confusion_matrix_average": [
    [
      71102.3,
      10.7
    ],
    [
      23.9,
      70.1
    ]
  ],
  "embedded_confusion_matrix_average": [
    [
      71077.35,
      35.65
    ],
    [
      25.35,
      68.65
    ]
  ],
  "raw_metrics_average": {
    "accuracy": 0.9995140927156039,
    "precision": 0.868508974377088,
    "recall": 0.7457446808510639,
    "f1": 0.802174198662555,
    "auc": 0.9814626503936946
  },
  "embedded_metrics_average": {
    "accuracy": 0.9991433426488971,
    "precision": 0.6668913197742341,
    "recall": 0.7303191489361703,
    "f1": 0.6948988516000061,
    "auc": 0.9711033473545699
  },
  "individual_runs": [
    {
      "run": 1,
      "raw_confusion_matrix": [
        [
          71107.0,
          6.0
        ],
        [
          24.0,
          70.0
        ]
      ],
      "embedded_confusion_matrix": [
        [
          71095.0,
          18.0
        ],
        [
          24.0,
          70.0
        ]
      ],
      "raw_metrics": {
        "accuracy": 0.9995786931060149,
        "precision": 0.9210526315789473,
        "recall": 0.7446808510638298,
        "f1": 0.8235294117647058,
        "auc": 0.9850997558276295
      },
      "embedded_metrics": {
        "accuracy": 0.9994101703484208,
        "precision": 0.7954545454545454,
        "recall": 0.7446808510638298,
        "f1": 0.7692307692307693,
        "auc": 0.968274870291843
      }
    },
    {
      "run": 2,
      "raw_confusion_matrix": [
        [
          71104.0,
          9.0
        ],
        [
          24.0,
          70.0
        ]
      ],
      "embedded_confusion_matrix": [
        [
          71079.0,
          34.0
        ],
        [
          26.0,
          68.0
        ]
      ],
      "raw_metrics": {
        "accuracy": 0.9995365624166164,
        "precision": 0.8860759493670886,
        "recall": 0.7446808510638298,
        "f1": 0.8092485549132948,
        "auc": 0.9835634685102613
      },
      "embedded_metrics": {
        "accuracy": 0.9991573862120298,
        "precision": 0.6666666666666666,
        "recall": 0.723404255319149,
        "f1": 0.6938775510204082,
        "auc": 0.9692156863918409
      }
    },
    {
      "run": 3,
      "raw_confusion_matrix": [
        [
          71098.0,
          15.0
        ],
        [
          22.0,
          72.0
        ]
      ],
      "embedded_confusion_matrix": [
        [
          71077.0,
          36.0
        ],
        [
          25.0,
          69.0
        ]
      ],
      "raw_metrics": {
        "accuracy": 0.999480388164085,
        "precision": 0.8275862068965517,
        "recall": 0.7659574468085106,
        "f1": 0.7955801104972375,
        "auc": 0.9863760434023046
      },
      "embedded_metrics": {
        "accuracy": 0.9991433426488969,
        "precision": 0.6571428571428571,
        "recall": 0.7340425531914894,
        "f1": 0.6934673366834171,
        "auc": 0.9649382567929794
      }
    },
    {
      "run": 4,
      "raw_confusion_matrix": [
        [
          71105.0,
          8.0
        ],
        [
          23.0,
          71.0
        ]
      ],
      "embedded_confusion_matrix": [
        [
          71070.0,
          43.0
        ],
        [
          24.0,
          70.0
        ]
      ],
      "raw_metrics": {
        "accuracy": 0.999564649542882,
        "precision": 0.8987341772151899,
        "recall": 0.7553191489361702,
        "f1": 0.8208092485549133,
        "auc": 0.9799878736598719
      },
      "embedded_metrics": {
        "accuracy": 0.9990590812700999,
        "precision": 0.6194690265486725,
        "recall": 0.7446808510638298,
        "f1": 0.6763285024154589,
        "auc": 0.9758270549927879
      }
    },
    {
      "run": 5,
      "raw_confusion_matrix": [
        [
          71102.0,
          11.0
        ],
        [
          25.0,
          69.0
        ]
      ],
      "embedded_confusion_matrix": [
        [
          71074.0,
          39.0
        ],
        [
          29.0,
          65.0
        ]
      ],
      "raw_metrics": {
        "accuracy": 0.9994944317272179,
        "precision": 0.8625,
        "recall": 0.7340425531914894,
        "f1": 0.7931034482758621,
        "auc": 0.9872928491693322
      },
      "embedded_metrics": {
        "accuracy": 0.9990450377069671,
        "precision": 0.625,
        "recall": 0.6914893617021277,
        "f1": 0.6565656565656566,
        "auc": 0.9674079551543827
      }
    },
    {
      "run": 6,
      "raw_confusion_matrix": [
        [
          71102.0,
          11.0
        ],
        [
          22.0,
          72.0
        ]
      ],
      "embedded_confusion_matrix": [
        [
          71074.0,
          39.0
        ],
        [
          26.0,
          68.0
        ]
      ],
      "raw_metrics": {
        "accuracy": 0.9995365624166164,
        "precision": 0.8674698795180723,
        "recall": 0.7659574468085106,
        "f1": 0.8135593220338984,
        "auc": 0.9851452333430372
      },
      "embedded_metrics": {
        "accuracy": 0.9990871683963656,
        "precision": 0.6355140186915887,
        "recall": 0.723404255319149,
        "f1": 0.6766169154228856,
        "auc": 0.9756363935013828
      }
    },
    {
      "run": 7,
      "raw_confusion_matrix": [
        [
          71102.0,
          11.0
        ],
        [
          24.0,
          70.0
        ]
      ],
      "embedded_confusion_matrix": [
        [
          71070.0,
          43.0
        ],
        [
          24.0,
          70.0
        ]
      ],
      "raw_metrics": {
        "accuracy": 0.9995084752903507,
        "precision": 0.8641975308641975,
        "recall": 0.7446808510638298,
        "f1": 0.8,
        "auc": 0.9782289858723501
      },
      "embedded_metrics": {
        "accuracy": 0.9990590812700999,
        "precision": 0.6194690265486725,
        "recall": 0.7446808510638298,
        "f1": 0.6763285024154589,
        "auc": 0.9781879214711018
      }
    },
    {
      "run": 8,
      "raw_confusion_matrix": [
        [
          71102.0,
          11.0
        ],
        [
          23.0,
          71.0
        ]
      ],
      "embedded_confusion_matrix": [
        [
          71032.0,
          81.0
        ],
        [
          23.0,
          71.0
        ]
      ],
      "raw_metrics": {
        "accuracy": 0.9995225188534835,
        "precision": 0.8658536585365854,
        "recall": 0.7553191489361702,
        "f1": 0.8068181818181818,
        "auc": 0.9788121153297823
      },
      "embedded_metrics": {
        "accuracy": 0.9985394694341848,
        "precision": 0.46710526315789475,
        "recall": 0.7553191489361702,
        "f1": 0.5772357723577236,
        "auc": 0.9670356079969817
      }
    },
    {
      "run": 9,
      "raw_confusion_matrix": [
        [
          71103.0,
          10.0
        ],
        [
          24.0,
          70.0
        ]
      ],
      "embedded_confusion_matrix": [
        [
          71073.0,
          40.0
        ],
        [
          26.0,
          68.0
        ]
      ],
      "raw_metrics": {
        "accuracy": 0.9995225188534835,
        "precision": 0.875,
        "recall": 0.7446808510638298,
        "f1": 0.8045977011494253,
        "auc": 0.9716747633598429
      },
      "embedded_metrics": {
        "accuracy": 0.9990731248332327,
        "precision": 0.6296296296296297,
        "recall": 0.723404255319149,
        "f1": 0.6732673267326733,
        "auc": 0.9714577727805701
      }
    },
    {
      "run": 10,
      "raw_confusion_matrix": [
        [
          71096.0,
          17.0
        ],
        [
          23.0,
          71.0
        ]
      ],
      "embedded_confusion_matrix": [
        [
          71092.0,
          21.0
        ],
        [
          27.0,
          67.0
        ]
      ],
      "raw_metrics": {
        "accuracy": 0.9994382574746865,