{
  "dataset": "creditcard_sparse",
  "n_runs": 10,
  "raw_confusion_matrix_average": [
    [
      71101.7,
      11.3
    ],
    [
      27.2,
      66.8
    ]
  ],
  "embedded_confusion_matrix_average": [
    [
      71064.4,
      48.6
    ],
    [
      36.1,
      57.9
    ]
  ],
  "raw_metrics_average": {
    "accuracy": 0.9994593228193857,
    "precision": 0.8574078573235114,
    "recall": 0.7106382978723403,
    "f1": 0.7764076108550444,
    "auc": 0.9587619763690454
  },
  "embedded_metrics_average": {
    "accuracy": 0.9988105102026488,
    "precision": 0.6279107728555536,
    "recall": 0.6159574468085107,
    "f1": 0.6074421365571709,
    "auc": 0.9429382618792805
  },
  "individual_runs": [
    {
      "run": 1,
      "raw_confusion_matrix": [
        [
          71107.0,
          6.0
        ],
        [
          26.0,
          68.0
        ]
      ],
      "embedded_confusion_matrix": [
        [
          71094.0,
          19.0
        ],
        [
          35.0,
          59.0
        ]
      ],
      "raw_metrics": {
        "accuracy": 0.9995506059797492,
        "precision": 0.918918918918919,
        "recall": 0.723404255319149,
        "f1": 0.8095238095238095,
        "auc": 0.9461543225630409
      },
      "embedded_metrics": {
        "accuracy": 0.9992416475908268,
        "precision": 0.7564102564102564,
        "recall": 0.6276595744680851,
        "f1": 0.686046511627907,
        "auc": 0.9288864052447543
      }
    },
    {
      "run": 2,
      "raw_confusion_matrix": [
        [
          71095.0,
          18.0
        ],
        [
          24.0,
          70.0
        ]
      ],
      "embedded_confusion_matrix": [
        [
          71089.0,
          24.0
        ],
        [
          37.0,
          57.0
        ]
      ],
      "raw_metrics": {
        "accuracy": 0.9994101703484208,
        "precision": 0.7954545454545454,
        "recall": 0.7446808510638298,
        "f1": 0.7692307692307693,
        "auc": 0.9580190173804892
      },
      "embedded_metrics": {
        "accuracy": 0.9991433426488969,
        "precision": 0.7037037037037037,
        "recall": 0.6063829787234043,
        "f1": 0.6514285714285715,
        "auc": 0.9442555614962223
      }
    },
    {
      "run": 3,
      "raw_confusion_matrix": [
        [
          71102.0,
          11.0
        ],
        [
          26.0,
          68.0
        ]
      ],
      "embedded_confusion_matrix": [
        [
          70986.0,
          127.0
        ],
        [
          38.0,
          56.0
        ]
      ],
      "raw_metrics": {
        "accuracy": 0.999480388164085,
        "precision": 0.8607594936708861,
        "recall": 0.723404255319149,
        "f1": 0.7861271676300579,
        "auc": 0.9591999368101891
      },
      "embedded_metrics": {
        "accuracy": 0.9976828120830817,
        "precision": 0.30601092896174864,
        "recall": 0.5957446808510638,
        "f1": 0.4043321299638989,
        "auc": 0.9403346965617503
      }
    },
    {
      "run": 4,
      "raw_confusion_matrix": [
        [
          71098.0,
          15.0
        ],
        [
          28.0,
          66.0
        ]
      ],
      "embedded_confusion_matrix": [
        [
          71090.0,
          23.0
        ],
        [
          33.0,
          61.0
        ]
      ],
      "raw_metrics": {
        "accuracy": 0.999396126785288,
        "precision": 0.8148148148148148,
        "recall": 0.7021276595744681,
        "f1": 0.7542857142857143,
        "auc": 0.963020646492801
      },
      "embedded_metrics": {
        "accuracy": 0.9992135604645611,
        "precision": 0.7261904761904762,
        "recall": 0.648936170212766,
        "f1": 0.6853932584269663,
        "auc": 0.958202722607202
      }
    },
    {
      "run": 5,
      "raw_confusion_matrix": [
        [
          71105.0,
          8.0
        ],
        [
          31.0,
          63.0
        ]
      ],
      "embedded_confusion_matrix": [
        [
          70943.0,
          170.0
        ],
        [
          41.0,
          53.0
        ]
      ],
      "raw_metrics": {
        "accuracy": 0.9994523010378193,
        "precision": 0.8873239436619719,
        "recall": 0.6702127659574468,
        "f1": 0.7636363636363637,
        "auc": 0.9618136971694137
      },
      "embedded_metrics": {
        "accuracy": 0.9970368081789712,
        "precision": 0.23766816143497757,
        "recall": 0.5638297872340425,
        "f1": 0.334384858044164,
        "auc": 0.937029797646
      }
    },
    {
      "run": 6,
      "raw_confusion_matrix": [
        [
          71102.0,
          11.0
        ],
        [
          30.0,
          64.0
        ]
      ],
      "embedded_confusion_matrix": [
        [
          71082.0,
          31.0
        ],
        [
          36.0,
          58.0
        ]
      ],
      "raw_metrics": {
        "accuracy": 0.9994242139115537,
        "precision": 0.8533333333333334,
        "recall": 0.6808510638297872,
        "f1": 0.757396449704142,
        "auc": 0.9541374216821834
      },
      "embedded_metrics": {
        "accuracy": 0.9990590812700999,
        "precision": 0.651685393258427,
        "recall": 0.6170212765957447,
        "f1": 0.6338797814207651,
        "auc": 0.9475788608540616
      }
    },
    {
      "run": 7,
      "raw_confusion_matrix": [
        [
          71104.0,
          9.0
        ],
        [
          27.0,
          67.0
        ]
      ],
      "embedded_confusion_matrix": [
        [
          71080.0,
          33.0
        ],
        [
          37.0,
          57.0
        ]
      ],
      "raw_metrics": {
        "accuracy": 0.9994944317272179,
        "precision": 0.881578947368421,
        "recall": 0.7127659574468085,
        "f1": 0.788235294117647,
        "auc": 0.9616180241754881
      },
      "embedded_metrics": {
        "accuracy": 0.9990169505807014,
        "precision": 0.6333333333333333,
        "recall": 0.6063829787234043,
        "f1": 0.6195652173913043,
        "auc": 0.9401294493540547
      }
    },
    {
      "run": 8,
      "raw_confusion_matrix": [
        [
          71104.0,
          9.0
        ],
        [
          28.0,
          66.0
        ]
      ],
      "embedded_confusion_matrix": [
        [
          71087.0,
          26.0
        ],
        [
          35.0,
          59.0
        ]
      ],
      "raw_metrics": {
        "accuracy": 0.999480388164085,
        "precision": 0.88,
        "recall": 0.7021276595744681,
        "f1": 0.7810650887573964,
        "auc": 0.9641918421116408
      },
      "embedded_metrics": {
        "accuracy": 0.9991433426488969,
        "precision": 0.6941176470588235,
        "recall": 0.6276595744680851,
        "f1": 0.659217877094972,
        "auc": 0.9469277395191531
      }
    },
    {
      "run": 9,
      "raw_confusion_matrix": [
        [
          71103.0,
          10.0
        ],
        [
          27.0,
          67.0
        ]
      ],
      "embedded_confusion_matrix": [
        [
          71093.0,
          20.0
        ],
        [
          33.0,
          61.0
        ]
      ],
      "raw_metrics": {
        "accuracy": 0.999480388164085,
        "precision": 0.8701298701298701,
        "recall": 0.7127659574468085,
        "f1": 0.783625730994152,
        "auc": 0.9568912049177949
      },
      "embedded_metrics": {
        "accuracy": 0.9992556911539596,
        "precision": 0.7530864197530864,
        "recall": 0.648936170212766,
        "f1": 0.6971428571428572,
        "auc": 0.9565791453877273
      }
    },
    {
      "run": 10,
      "raw_confusion_matrix": [
        [
          71097.0,
          16.0
        ],
        [
          25.0,
          69.0
        ]
      ],
      "embedded_confusion_matrix": [
        [
          71100.0,
          13.0
        ],
        [
          36.0,
          58.0
        ]
      ],
      "raw_metrics": {
        "accuracy": 0.9994242139115537,