{
  "dataset": "creditcard_sparse",
  "n_runs": 20,
  "raw_confusion_matrix_average": [
    [
      71102.15,
      10.85
    ],
    [
      26.75,
      67.25
    ]
  ],
  "embedded_confusion_matrix_average": [
    [
      71078.55,
      34.45
    ],
    [
      34.85,
      59.15
    ]
  ],
  "raw_metrics_average": {
    "accuracy": 0.9994719620262054,
    "precision": 0.8630380744526176,
    "recall": 0.7154255319148938,
    "f1": 0.7816689182261688,
    "auc": 0.9553825594027605
  },
  "embedded_metrics_average": {
    "accuracy": 0.9990267810748943,
    "precision": 0.6917721545919979,
    "recall": 0.6292553191489361,
    "f1": 0.6493035792964902,
    "auc": 0.9441462097632447
  },
  "individual_runs": [
    {
      "run": 1,
      "raw_confusion_matrix": [
        [
          71105.0,
          8.0
        ],
        [
          29.0,
          65.0
        ]
      ],
      "embedded_confusion_matrix": [
        [
          71090.0,
          23.0
        ],
        [
          35.0,
          59.0
        ]
      ],
      "raw_metrics": {
        "accuracy": 0.999480388164085,
        "precision": 0.8904109589041096,
        "recall": 0.6914893617021277,
        "f1": 0.7784431137724551,
        "auc": 0.9594293439479451
      },
      "embedded_metrics": {
        "accuracy": 0.9991854733382954,
        "precision": 0.7195121951219512,
        "recall": 0.6276595744680851,
        "f1": 0.6704545454545454,
        "auc": 0.9380911890006645
      }
    },
    {
      "run": 2,
      "raw_confusion_matrix": [
        [
          71106.0,
          7.0
        ],
        [
          28.0,
          66.0
        ]
      ],
      "embedded_confusion_matrix": [
        [
          71087.0,
          26.0
        ],
        [
          34.0,
          60.0
        ]
      ],
      "raw_metrics": {
        "accuracy": 0.9995084752903507,
        "precision": 0.9041095890410958,
        "recall": 0.7021276595744681,
        "f1": 0.7904191616766467,
        "auc": 0.9519477690735542
      },
      "embedded_metrics": {
        "accuracy": 0.9991573862120298,
        "precision": 0.6976744186046512,
        "recall": 0.6382978723404256,
        "f1": 0.6666666666666666,
        "auc": 0.9192299878736598
      }
    },
    {
      "run": 3,
      "raw_confusion_matrix": [
        [
          71093.0,
          20.0
        ],
        [
          24.0,
          70.0
        ]
      ],
      "embedded_confusion_matrix": [
        [
          70986.0,
          127.0
        ],
        [
          38.0,
          56.0
        ]
      ],
      "raw_metrics": {
        "accuracy": 0.9993820832221552,
        "precision": 0.7777777777777778,
        "recall": 0.7446808510638298,
        "f1": 0.7608695652173914,
        "auc": 0.9554480417890495
      },
      "embedded_metrics": {
        "accuracy": 0.9976828120830817,
        "precision": 0.30601092896174864,
        "recall": 0.5957446808510638,
        "f1": 0.4043321299638989,
        "auc": 0.9307915989864499
      }
    },
    {
      "run": 4,
      "raw_confusion_matrix": [
        [
          71105.0,
          8.0
        ],
        [
          27.0,
          67.0
        ]
      ],
      "embedded_confusion_matrix": [
        [
          71100.0,
          13.0
        ],
        [
          33.0,
          61.0
        ]
      ],
      "raw_metrics": {
        "accuracy": 0.9995084752903507,
        "precision": 0.8933333333333333,
        "recall": 0.7127659574468085,
        "f1": 0.7928994082840237,
        "auc": 0.9585043103409587
      },
      "embedded_metrics": {
        "accuracy": 0.9993539960958895,
        "precision": 0.8243243243243243,
        "recall": 0.648936170212766,
        "f1": 0.7261904761904762,
        "auc": 0.9519108185922854
      }
    },
    {
      "run": 5,
      "raw_confusion_matrix": [
        [
          71105.0,
          8.0
        ],
        [
          30.0,
          64.0
        ]
      ],
      "embedded_confusion_matrix": [
        [
          70941.0,
          172.0
        ],
        [
          33.0,
          61.0
        ]
      ],
      "raw_metrics": {
        "accuracy": 0.9994663446009522,
        "precision": 0.8888888888888888,
        "recall": 0.6808510638297872,
        "f1": 0.7710843373493976,
        "auc": 0.9597145508003294
      },
      "embedded_metrics": {
        "accuracy": 0.9971210695577682,
        "precision": 0.26180257510729615,
        "recall": 0.648936170212766,
        "f1": 0.3730886850152905,
        "auc": 0.9371835834546816
      }
    },
    {
      "run": 6,
      "raw_confusion_matrix": [
        [
          71099.0,
          14.0
        ],
        [
          25.0,
          69.0
        ]
      ],
      "embedded_confusion_matrix": [
        [
          71090.0,
          23.0
        ],
        [
          36.0,
          58.0
        ]
      ],
      "raw_metrics": {
        "accuracy": 0.9994523010378193,
        "precision": 0.8313253012048193,
        "recall": 0.7340425531914894,
        "f1": 0.7796610169491526,
        "auc": 0.9566348703038108
      },
      "embedded_metrics": {
        "accuracy": 0.9991714297751626,
        "precision": 0.7160493827160493,
        "recall": 0.6170212765957447,
        "f1": 0.6628571428571428,
        "auc": 0.9290051105357939
      }
    },
    {
      "run": 7,
      "raw_confusion_matrix": [
        [
          71101.0,
          12.0
        ],
        [
          26.0,
          68.0
        ]
      ],
      "embedded_confusion_matrix": [
        [
          71097.0,
          16.0
        ],
        [
          37.0,
          57.0
        ]
      ],
      "raw_metrics": {
        "accuracy": 0.9994663446009522,
        "precision": 0.85,
        "recall": 0.723404255319149,
        "f1": 0.7816091954022989,
        "auc": 0.9494921328386257
      },
      "embedded_metrics": {
        "accuracy": 0.9992556911539596,
        "precision": 0.7808219178082192,
        "recall": 0.6063829787234043,
        "f1": 0.6826347305389222,
        "auc": 0.9506126150439023
      }
    },
    {
      "run": 8,
      "raw_confusion_matrix": [
        [
          71105.0,
          8.0
        ],
        [
          27.0,
          67.0
        ]
      ],
      "embedded_confusion_matrix": [
        [
          71080.0,
          33.0
        ],
        [
          34.0,
          60.0
        ]
      ],
      "raw_metrics": {
        "accuracy": 0.9995084752903507,
        "precision": 0.8933333333333333,
        "recall": 0.7127659574468085,
        "f1": 0.7928994082840237,
        "auc": 0.9636801452647583
      },
      "embedded_metrics": {
        "accuracy": 0.9990590812700999,
        "precision": 0.6451612903225806,
        "recall": 0.6382978723404256,
        "f1": 0.6417112299465241,
        "auc": 0.9516716876436693
      }
    },
    {
      "run": 9,
      "raw_confusion_matrix": [
        [
          71103.0,
          10.0
        ],
        [
          26.0,
          68.0
        ]
      ],
      "embedded_confusion_matrix": [
        [
          71094.0,
          19.0
        ],
        [
          33.0,
          61.0
        ]
      ],
      "raw_metrics": {
        "accuracy": 0.9994944317272179,
        "precision": 0.8717948717948718,
        "recall": 0.723404255319149,
        "f1": 0.7906976744186046,
        "auc": 0.9600091074708488
      },
      "embedded_metrics": {
        "accuracy": 0.9992697347170925,
        "precision": 0.7625,
        "recall": 0.648936170212766,
        "f1": 0.7011494252873564,
        "auc": 0.9623672064029948
      }
    },
    {
      "run": 10,
      "raw_confusion_matrix": [
        [
          71103.0,
          10.0
        ],
        [
          28.0,
          66.0
        ]
      ],
      "embedded_confusion_matrix": [
        [
          71097.0,
          16.0
        ],
        [
          37.0,
          57.0
        ]
      ],