{
  "dataset": "creditcard_sparse",
  "run_id": 5,
  "seed": 500,
  "n_features": 29,
  "target_dim": 33,
  "timestamp": "2026-03-24T17:46:23.103622",
  "raw": {
    "best_params": {
      "n_estimators": 141,
      "max_depth": 8,
      "learning_rate": 0.29801641949164903,
      "reg_lambda": 0.2422731986582597,
      "gamma": 1.496448936286037,
      "min_child_weight": 0.6104085787617436
    },
    "metrics": {
      "accuracy": 0.999403110845827,
      "precision": 0.8360655737704918,
      "recall": 0.68,
      "f1": 0.75,
      "auc": 0.9556561838967309
    },
    "confusion_matrix": [
      [
        56877,
        10
      ],
      [
        24,
        51
      ]
    ]
  },
  "embedded": {
    "best_params": {
      "n_estimators": 57,
      "max_depth": 9,
      "learning_rate": 0.22578133893436472,
      "reg_lambda": 4.0290400378751805,
      "gamma": 0.6553661418015144,
      "min_child_weight": 0.10584528518268525
    },
    "metrics": {
      "accuracy": 0.9972086654260736,
      "precision": 0.26136363636363635,
      "recall": 0.6133333333333333,
      "f1": 0.3665338645418327,
      "auc": 0.9561765136733056
    },
    "confusion_matrix": [
      [
        56757,
        130
      ],
      [
        29,
        46
      ]
    ],
    "feature_importance_weights": [
      0.007847209461033344,
      0.007152330130338669,
      0.02602577582001686,
      0.0512678436934948,
      0.025421669706702232,
      0.01484955009073019,
      0.014791780151426792,
      0.03323499485850334,
      0.01566246524453163,
      0.07207589596509933,
      0.016599921509623528,
      0.12664751708507538,
      0.018344294279813766,
      0.28558334708213806,
      0.020888326689600945,
      0.015259684063494205,
      0.05737338960170746,
      0.007786523085087538,
      0.03598474711179733,
      0.009817917831242085,
      0.028612736612558365,
      0.008538403548300266,
      0.019340654835104942,
      0.01858283206820488,
      0.017414096742868423,
      0.009955529123544693,
      0.01209078449755907,
      0.0075025977566838264,
      0.015347140841186047
    ]
  }
}