{
  "dataset": "creditcard",
  "run_id": 10,
  "seed": 1000,
  "n_features": 29,
  "target_dim": 33,
  "timestamp": "2026-03-24T17:28:50.464730",
  "raw": {
    "best_params": {
      "n_estimators": 89,
      "max_depth": 9,
      "learning_rate": 0.13572700998889647,
      "reg_lambda": 2.2737060401521347,
      "gamma": 1.8429536175858634,
      "min_child_weight": 0.14222223092085937
    },
    "metrics": {
      "accuracy": 0.9995259997893332,
      "precision": 0.8636363636363636,
      "recall": 0.76,
      "f1": 0.8085106382978723,
      "auc": 0.9865185367482905
    },
    "confusion_matrix": [
      [
        56878,
        9
      ],
      [
        18,
        57
      ]
    ]
  },
  "embedded": {
    "best_params": {
      "n_estimators": 169,
      "max_depth": 9,
      "learning_rate": 0.26065087937055914,
      "reg_lambda": 1.3117383010655959,
      "gamma": 0.00031249412787899555,
      "min_child_weight": 1.1418070037643222
    },
    "metrics": {
      "accuracy": 0.999403110845827,
      "precision": 0.7887323943661971,
      "recall": 0.7466666666666667,
      "f1": 0.7671232876712328,
      "auc": 0.9680784713554942
    },
    "confusion_matrix": [
      [
        56872,
        15
      ],
      [
        19,
        56
      ]
    ],
    "feature_importance_weights": [
      0.012740488164126873,
      0.011445838026702404,
      0.011672032997012138,
      0.06596480309963226,
      0.01280221901834011,
      0.004810146987438202,
      0.028794970363378525,
      0.018414733931422234,
      0.00802528951317072,
      0.022798335179686546,
      0.013189711607992649,
      0.03853181377053261,
      0.028896648436784744,
      0.4710371792316437,
      0.02648649364709854,
      0.007856438867747784,
      0.01534244790673256,
      0.016420746222138405,
      0.029106488451361656,
      0.027651600539684296,
      0.015081207267940044,
      0.02360135316848755,
      0.023088088259100914,
      0.006800125353038311,
      0.013411279767751694,
      0.012817000970244408,
      0.0061454204842448235,
      0.014371241442859173,
      0.012695933692157269
    ]
  }
}