{
  "dataset": "creditcard",
  "run_id": 3,
  "seed": 300,
  "n_features": 29,
  "target_dim": 33,
  "timestamp": "2026-03-24T16:55:55.061912",
  "raw": {
    "best_params": {
      "n_estimators": 64,
      "max_depth": 7,
      "learning_rate": 0.1860483415342093,
      "reg_lambda": 1.507916437321636,
      "gamma": 1.5404268729104185,
      "min_child_weight": 0.3282953291881937
    },
    "metrics": {
      "accuracy": 0.9995259997893332,
      "precision": 0.875,
      "recall": 0.7466666666666667,
      "f1": 0.8057553956834532,
      "auc": 0.9882667979210247
    },
    "confusion_matrix": [
      [
        56879,
        8
      ],
      [
        19,
        56
      ]
    ]
  },
  "embedded": {
    "best_params": {
      "n_estimators": 136,
      "max_depth": 8,
      "learning_rate": 0.19239627452323993,
      "reg_lambda": 2.6368302300780995,
      "gamma": 1.3132979909680147,
      "min_child_weight": 0.911312010370168
    },
    "metrics": {
      "accuracy": 0.9990695551420246,
      "precision": 0.625,
      "recall": 0.7333333333333333,
      "f1": 0.6748466257668712,
      "auc": 0.9783965873866906
    },
    "confusion_matrix": [
      [
        56854,
        33
      ],
      [
        20,
        55
      ]
    ],
    "feature_importance_weights": [
      0.012740488164126873,
      0.011445838026702404,
      0.011672032997012138,
      0.06596480309963226,
      0.01280221901834011,
      0.004810146987438202,
      0.028794970363378525,
      0.018414733931422234,
      0.00802528951317072,
      0.022798335179686546,
      0.013189711607992649,
      0.03853181377053261,
      0.028896648436784744,
      0.4710371792316437,
      0.02648649364709854,
      0.007856438867747784,
      0.01534244790673256,
      0.016420746222138405,
      0.029106488451361656,
      0.027651600539684296,
      0.015081207267940044,
      0.02360135316848755,
      0.023088088259100914,
      0.006800125353038311,
      0.013411279767751694,
      0.012817000970244408,
      0.0061454204842448235,
      0.014371241442859173,
      0.012695933692157269
    ]
  }
}