{
  "dataset": "creditcard",
  "run_id": 8,
  "seed": 800,
  "n_features": 29,
  "target_dim": 33,
  "timestamp": "2026-03-24T17:19:53.060202",
  "raw": {
    "best_params": {
      "n_estimators": 189,
      "max_depth": 8,
      "learning_rate": 0.07316415139864864,
      "reg_lambda": 0.31406107758590196,
      "gamma": 1.2529366888251843,
      "min_child_weight": 0.9335127113792192
    },
    "metrics": {
      "accuracy": 0.9994908886626171,
      "precision": 0.8709677419354839,
      "recall": 0.72,
      "f1": 0.7883211678832117,
      "auc": 0.9845387053867023
    },
    "confusion_matrix": [
      [
        56879,
        8
      ],
      [
        21,
        54
      ]
    ]
  },
  "embedded": {
    "best_params": {
      "n_estimators": 126,
      "max_depth": 10,
      "learning_rate": 0.14699605024333492,
      "reg_lambda": 0.9921722504471171,
      "gamma": 0.035838814596610154,
      "min_child_weight": 4.850562291025463
    },
    "metrics": {
      "accuracy": 0.9985955549313578,
      "precision": 0.4782608695652174,
      "recall": 0.7333333333333333,
      "f1": 0.5789473684210527,
      "auc": 0.9751915200309385
    },
    "confusion_matrix": [
      [
        56827,
        60
      ],
      [
        20,
        55
      ]
    ],
    "feature_importance_weights": [
      0.012740488164126873,
      0.011445838026702404,
      0.011672032997012138,
      0.06596480309963226,
      0.01280221901834011,
      0.004810146987438202,
      0.028794970363378525,
      0.018414733931422234,
      0.00802528951317072,
      0.022798335179686546,
      0.013189711607992649,
      0.03853181377053261,
      0.028896648436784744,
      0.4710371792316437,
      0.02648649364709854,
      0.007856438867747784,
      0.01534244790673256,
      0.016420746222138405,
      0.029106488451361656,
      0.027651600539684296,
      0.015081207267940044,
      0.02360135316848755,
      0.023088088259100914,
      0.006800125353038311,
      0.013411279767751694,
      0.012817000970244408,
      0.0061454204842448235,
      0.014371241442859173,
      0.012695933692157269
    ]
  }
}