{
  "dataset": "creditcard",
  "run_id": 7,
  "seed": 700,
  "n_features": 29,
  "target_dim": 33,
  "timestamp": "2026-03-24T17:15:17.397866",
  "raw": {
    "best_params": {
      "n_estimators": 193,
      "max_depth": 8,
      "learning_rate": 0.28025388481750413,
      "reg_lambda": 1.3091231437221114,
      "gamma": 0.24438856560459188,
      "min_child_weight": 2.4533943935151834
    },
    "metrics": {
      "accuracy": 0.9995611109160493,
      "precision": 0.9310344827586207,
      "recall": 0.72,
      "f1": 0.8120300751879699,
      "auc": 0.9849748917444524
    },
    "confusion_matrix": [
      [
        56883,
        4
      ],
      [
        21,
        54
      ]
    ]
  },
  "embedded": {
    "best_params": {
      "n_estimators": 172,
      "max_depth": 10,
      "learning_rate": 0.07082748659115376,
      "reg_lambda": 0.10647737599137048,
      "gamma": 1.5264468873097206,
      "min_child_weight": 0.7229016663790132
    },
    "metrics": {
      "accuracy": 0.9977528878901724,
      "precision": 0.3374233128834356,
      "recall": 0.7333333333333333,
      "f1": 0.46218487394957986,
      "auc": 0.9797602264137677
    },
    "confusion_matrix": [
      [
        56779,
        108
      ],
      [
        20,
        55
      ]
    ],
    "feature_importance_weights": [
      0.012740488164126873,
      0.011445838026702404,
      0.011672032997012138,
      0.06596480309963226,
      0.01280221901834011,
      0.004810146987438202,
      0.028794970363378525,
      0.018414733931422234,
      0.00802528951317072,
      0.022798335179686546,
      0.013189711607992649,
      0.03853181377053261,
      0.028896648436784744,
      0.4710371792316437,
      0.02648649364709854,
      0.007856438867747784,
      0.01534244790673256,
      0.016420746222138405,
      0.029106488451361656,
      0.027651600539684296,
      0.015081207267940044,
      0.02360135316848755,
      0.023088088259100914,
      0.006800125353038311,
      0.013411279767751694,
      0.012817000970244408,
      0.0061454204842448235,
      0.014371241442859173,
      0.012695933692157269
    ]
  }
}