{
  "dataset": "creditcard",
  "run_id": 4,
  "seed": 400,
  "n_features": 29,
  "target_dim": 33,
  "timestamp": "2026-03-24T17:00:47.603869",
  "raw": {
    "best_params": {
      "n_estimators": 131,
      "max_depth": 8,
      "learning_rate": 0.06791050032204712,
      "reg_lambda": 0.6682664763931815,
      "gamma": 0.3810371522208447,
      "min_child_weight": 2.3388115883835057
    },
    "metrics": {
      "accuracy": 0.9995259997893332,
      "precision": 0.8870967741935484,
      "recall": 0.7333333333333333,
      "f1": 0.8029197080291971,
      "auc": 0.9796394020895225
    },
    "confusion_matrix": [
      [
        56880,
        7
      ],
      [
        20,
        55
      ]
    ]
  },
  "embedded": {
    "best_params": {
      "n_estimators": 148,
      "max_depth": 10,
      "learning_rate": 0.294389834876279,
      "reg_lambda": 0.18390421095167012,
      "gamma": 0.03134047581026221,
      "min_child_weight": 0.10323634599296432
    },
    "metrics": {
      "accuracy": 0.9993504441557529,
      "precision": 0.7794117647058824,
      "recall": 0.7066666666666667,
      "f1": 0.7412587412587412,
      "auc": 0.9827457942939513
    },
    "confusion_matrix": [
      [
        56872,
        15
      ],
      [
        22,
        53
      ]
    ],
    "feature_importance_weights": [
      0.012740488164126873,
      0.011445838026702404,
      0.011672032997012138,
      0.06596480309963226,
      0.01280221901834011,
      0.004810146987438202,
      0.028794970363378525,
      0.018414733931422234,
      0.00802528951317072,
      0.022798335179686546,
      0.013189711607992649,
      0.03853181377053261,
      0.028896648436784744,
      0.4710371792316437,
      0.02648649364709854,
      0.007856438867747784,
      0.01534244790673256,
      0.016420746222138405,
      0.029106488451361656,
      0.027651600539684296,
      0.015081207267940044,
      0.02360135316848755,
      0.023088088259100914,
      0.006800125353038311,
      0.013411279767751694,
      0.012817000970244408,
      0.0061454204842448235,
      0.014371241442859173,
      0.012695933692157269
    ]
  }
}