{
  "dataset": "creditcard_sparse",
  "run_id": 9,
  "seed": 900,
  "n_features": 29,
  "target_dim": 33,
  "timestamp": "2026-03-24T18:05:37.745493",
  "raw": {
    "best_params": {
      "n_estimators": 126,
      "max_depth": 8,
      "learning_rate": 0.299714248617673,
      "reg_lambda": 5.029539696676843,
      "gamma": 1.6240668651663732,
      "min_child_weight": 1.0667434996551033
    },
    "metrics": {
      "accuracy": 0.9993504441557529,
      "precision": 0.7878787878787878,
      "recall": 0.6933333333333334,
      "f1": 0.7375886524822695,
      "auc": 0.9587315203825126
    },
    "confusion_matrix": [
      [
        56873,
        14
      ],
      [
        23,
        52
      ]
    ]
  },
  "embedded": {
    "best_params": {
      "n_estimators": 175,
      "max_depth": 10,
      "learning_rate": 0.07323350334812093,
      "reg_lambda": 2.90321504965948,
      "gamma": 0.3099915065041753,
      "min_child_weight": 0.4479212016425218
    },
    "metrics": {
      "accuracy": 0.9986657771847899,
      "precision": 0.494949494949495,
      "recall": 0.6533333333333333,
      "f1": 0.5632183908045977,
      "auc": 0.9484339128447624
    },
    "confusion_matrix": [
      [
        56837,
        50
      ],
      [
        26,
        49
      ]
    ],
    "feature_importance_weights": [
      0.007847209461033344,
      0.007152330130338669,
      0.02602577582001686,
      0.0512678436934948,
      0.025421669706702232,
      0.01484955009073019,
      0.014791780151426792,
      0.03323499485850334,
      0.01566246524453163,
      0.07207589596509933,
      0.016599921509623528,
      0.12664751708507538,
      0.018344294279813766,
      0.28558334708213806,
      0.020888326689600945,
      0.015259684063494205,
      0.05737338960170746,
      0.007786523085087538,
      0.03598474711179733,
      0.009817917831242085,
      0.028612736612558365,
      0.008538403548300266,
      0.019340654835104942,
      0.01858283206820488,
      0.017414096742868423,
      0.009955529123544693,
      0.01209078449755907,
      0.0075025977566838264,
      0.015347140841186047
    ]
  }
}