{
  "dataset": "creditcard",
  "run_id": 9,
  "seed": 900,
  "n_features": 29,
  "target_dim": 33,
  "timestamp": "2026-03-24T17:25:05.766597",
  "raw": {
    "best_params": {
      "n_estimators": 125,
      "max_depth": 5,
      "learning_rate": 0.28629850489107045,
      "reg_lambda": 0.2770530942297032,
      "gamma": 0.9180914726671502,
      "min_child_weight": 3.8471828158194064
    },
    "metrics": {
      "accuracy": 0.9994733330992591,
      "precision": 0.8260869565217391,
      "recall": 0.76,
      "f1": 0.7916666666666666,
      "auc": 0.984949109638406
    },
    "confusion_matrix": [
      [
        56875,
        12
      ],
      [
        18,
        57
      ]
    ]
  },
  "embedded": {
    "best_params": {
      "n_estimators": 116,
      "max_depth": 7,
      "learning_rate": 0.1183953001054824,
      "reg_lambda": 1.182516670610927,
      "gamma": 0.10933131641623994,
      "min_child_weight": 0.1419586076923491
    },
    "metrics": {
      "accuracy": 0.9989642217618764,
      "precision": 0.5869565217391305,
      "recall": 0.72,
      "f1": 0.6467065868263473,
      "auc": 0.9833365560965891
    },
    "confusion_matrix": [
      [
        56849,
        38
      ],
      [
        21,
        54
      ]
    ],
    "feature_importance_weights": [
      0.012740488164126873,
      0.011445838026702404,
      0.011672032997012138,
      0.06596480309963226,
      0.01280221901834011,
      0.004810146987438202,
      0.028794970363378525,
      0.018414733931422234,
      0.00802528951317072,
      0.022798335179686546,
      0.013189711607992649,
      0.03853181377053261,
      0.028896648436784744,
      0.4710371792316437,
      0.02648649364709854,
      0.007856438867747784,
      0.01534244790673256,
      0.016420746222138405,
      0.029106488451361656,
      0.027651600539684296,
      0.015081207267940044,
      0.02360135316848755,
      0.023088088259100914,
      0.006800125353038311,
      0.013411279767751694,
      0.012817000970244408,
      0.0061454204842448235,
      0.014371241442859173,
      0.012695933692157269
    ]
  }
}