{
  "dataset": "creditcard_sparse",
  "run_id": 3,
  "seed": 300,
  "n_features": 29,
  "target_dim": 33,
  "timestamp": "2026-03-24T17:39:29.324904",
  "raw": {
    "best_params": {
      "n_estimators": 158,
      "max_depth": 4,
      "learning_rate": 0.2908824676522828,
      "reg_lambda": 2.2295788312189684,
      "gamma": 1.5642669015308428,
      "min_child_weight": 0.15128636627590006
    },
    "metrics": {
      "accuracy": 0.9992977774656788,
      "precision": 0.7333333333333333,
      "recall": 0.7333333333333333,
      "f1": 0.7333333333333333,
      "auc": 0.9518437135608017
    },
    "confusion_matrix": [
      [
        56867,
        20
      ],
      [
        20,
        55
      ]
    ]
  },
  "embedded": {
    "best_params": {
      "n_estimators": 187,
      "max_depth": 10,
      "learning_rate": 0.2951649410251496,
      "reg_lambda": 2.1281146940944873,
      "gamma": 0.0027451010159382228,
      "min_child_weight": 0.4015350024286769
    },
    "metrics": {
      "accuracy": 0.9989466661985184,
      "precision": 0.5903614457831325,
      "recall": 0.6533333333333333,
      "f1": 0.620253164556962,
      "auc": 0.9445258143336791
    },
    "confusion_matrix": [
      [
        56853,
        34
      ],
      [
        26,
        49
      ]
    ],
    "feature_importance_weights": [
      0.007847209461033344,
      0.007152330130338669,
      0.02602577582001686,
      0.0512678436934948,
      0.025421669706702232,
      0.01484955009073019,
      0.014791780151426792,
      0.03323499485850334,
      0.01566246524453163,
      0.07207589596509933,
      0.016599921509623528,
      0.12664751708507538,
      0.018344294279813766,
      0.28558334708213806,
      0.020888326689600945,
      0.015259684063494205,
      0.05737338960170746,
      0.007786523085087538,
      0.03598474711179733,
      0.009817917831242085,
      0.028612736612558365,
      0.008538403548300266,
      0.019340654835104942,
      0.01858283206820488,
      0.017414096742868423,
      0.009955529123544693,
      0.01209078449755907,
      0.0075025977566838264,
      0.015347140841186047
    ]
  }
}