{
  "dataset": "creditcard_sparse",
  "run_id": 8,
  "seed": 800,
  "n_features": 29,
  "target_dim": 33,
  "timestamp": "2026-03-24T18:00:26.171320",
  "raw": {
    "best_params": {
      "n_estimators": 154,
      "max_depth": 9,
      "learning_rate": 0.12249727685893079,
      "reg_lambda": 0.2623753781791806,
      "gamma": 0.06473756762851816,
      "min_child_weight": 1.0850892787347537
    },
    "metrics": {
      "accuracy": 0.9994733330992591,
      "precision": 0.8461538461538461,
      "recall": 0.7333333333333333,
      "f1": 0.7857142857142857,
      "auc": 0.9595681497237212
    },
    "confusion_matrix": [
      [
        56877,
        10
      ],
      [
        20,
        55
      ]
    ]
  },
  "embedded": {
    "best_params": {
      "n_estimators": 106,
      "max_depth": 8,
      "learning_rate": 0.10905338292472909,
      "reg_lambda": 0.10415070810665158,
      "gamma": 1.4117973383822764,
      "min_child_weight": 0.11436382136849471
    },
    "metrics": {
      "accuracy": 0.9990871107053826,
      "precision": 0.6533333333333333,
      "recall": 0.6533333333333333,
      "f1": 0.6533333333333333,
      "auc": 0.9417150960090472
    },
    "confusion_matrix": [
      [
        56861,
        26
      ],
      [
        26,
        49
      ]
    ],
    "feature_importance_weights": [
      0.007847209461033344,
      0.007152330130338669,
      0.02602577582001686,
      0.0512678436934948,
      0.025421669706702232,
      0.01484955009073019,
      0.014791780151426792,
      0.03323499485850334,
      0.01566246524453163,
      0.07207589596509933,
      0.016599921509623528,
      0.12664751708507538,
      0.018344294279813766,
      0.28558334708213806,
      0.020888326689600945,
      0.015259684063494205,
      0.05737338960170746,
      0.007786523085087538,
      0.03598474711179733,
      0.009817917831242085,
      0.028612736612558365,
      0.008538403548300266,
      0.019340654835104942,
      0.01858283206820488,
      0.017414096742868423,
      0.009955529123544693,
      0.01209078449755907,
      0.0075025977566838264,
      0.015347140841186047
    ]
  }
}