{
  "dataset": "creditcard",
  "run_id": 2,
  "seed": 200,
  "n_features": 29,
  "target_dim": 33,
  "timestamp": "2026-03-24T16:49:03.379621",
  "raw": {
    "best_params": {
      "n_estimators": 197,
      "max_depth": 3,
      "learning_rate": 0.29614519783840243,
      "reg_lambda": 0.10588608003320014,
      "gamma": 0.9305455756874578,
      "min_child_weight": 0.10390076809560753
    },
    "metrics": {
      "accuracy": 0.999420666409185,
      "precision": 0.7916666666666666,
      "recall": 0.76,
      "f1": 0.7755102040816326,
      "auc": 0.9798154235589853
    },
    "confusion_matrix": [
      [
        56872,
        15
      ],
      [
        18,
        57
      ]
    ]
  },
  "embedded": {
    "best_params": {
      "n_estimators": 138,
      "max_depth": 5,
      "learning_rate": 0.2621183704572889,
      "reg_lambda": 2.0549151629454583,
      "gamma": 0.27923652987483893,
      "min_child_weight": 0.2017185237315395
    },
    "metrics": {
      "accuracy": 0.9991222218320986,
      "precision": 0.654320987654321,
      "recall": 0.7066666666666667,
      "f1": 0.6794871794871795,
      "auc": 0.9738424127363603
    },
    "confusion_matrix": [
      [
        56859,
        28
      ],
      [
        22,
        53
      ]
    ],
    "feature_importance_weights": [
      0.012740488164126873,
      0.011445838026702404,
      0.011672032997012138,
      0.06596480309963226,
      0.01280221901834011,
      0.004810146987438202,
      0.028794970363378525,
      0.018414733931422234,
      0.00802528951317072,
      0.022798335179686546,
      0.013189711607992649,
      0.03853181377053261,
      0.028896648436784744,
      0.4710371792316437,
      0.02648649364709854,
      0.007856438867747784,
      0.01534244790673256,
      0.016420746222138405,
      0.029106488451361656,
      0.027651600539684296,
      0.015081207267940044,
      0.02360135316848755,
      0.023088088259100914,
      0.006800125353038311,
      0.013411279767751694,
      0.012817000970244408,
      0.0061454204842448235,
      0.014371241442859173,
      0.012695933692157269
    ]
  }
}