{
  "dataset": "creditcard_sparse",
  "run_id": 2,
  "seed": 200,
  "n_features": 29,
  "target_dim": 33,
  "timestamp": "2026-03-24T17:36:07.825849",
  "raw": {
    "best_params": {
      "n_estimators": 175,
      "max_depth": 8,
      "learning_rate": 0.12110446657648716,
      "reg_lambda": 3.379729753053208,
      "gamma": 1.9508750887389255,
      "min_child_weight": 0.7070886976066575
    },
    "metrics": {
      "accuracy": 0.9994557775359011,
      "precision": 0.8333333333333334,
      "recall": 0.7333333333333333,
      "f1": 0.7801418439716312,
      "auc": 0.966800382043935
    },
    "confusion_matrix": [
      [
        56876,
        11
      ],
      [
        20,
        55
      ]
    ]
  },
  "embedded": {
    "best_params": {
      "n_estimators": 197,
      "max_depth": 9,
      "learning_rate": 0.18372942072657564,
      "reg_lambda": 0.5242364630815445,
      "gamma": 0.24077571739021725,
      "min_child_weight": 0.2900613183329532
    },
    "metrics": {
      "accuracy": 0.9991222218320986,
      "precision": 0.676056338028169,
      "recall": 0.64,
      "f1": 0.6575342465753424,
      "auc": 0.9346754091444442
    },
    "confusion_matrix": [
      [
        56864,
        23
      ],
      [
        27,
        48
      ]
    ],
    "feature_importance_weights": [
      0.007847209461033344,
      0.007152330130338669,
      0.02602577582001686,
      0.0512678436934948,
      0.025421669706702232,
      0.01484955009073019,
      0.014791780151426792,
      0.03323499485850334,
      0.01566246524453163,
      0.07207589596509933,
      0.016599921509623528,
      0.12664751708507538,
      0.018344294279813766,
      0.28558334708213806,
      0.020888326689600945,
      0.015259684063494205,
      0.05737338960170746,
      0.007786523085087538,
      0.03598474711179733,
      0.009817917831242085,
      0.028612736612558365,
      0.008538403548300266,
      0.019340654835104942,
      0.01858283206820488,
      0.017414096742868423,
      0.009955529123544693,
      0.01209078449755907,
      0.0075025977566838264,
      0.015347140841186047
    ]
  }
}