{
  "dataset": "creditcard_sparse",
  "run_id": 1,
  "seed": 100,
  "n_features": 29,
  "target_dim": 33,
  "timestamp": "2026-03-24T17:32:07.930966",
  "raw": {
    "best_params": {
      "n_estimators": 174,
      "max_depth": 6,
      "learning_rate": 0.11156459354034648,
      "reg_lambda": 3.923558324281273,
      "gamma": 0.036942096418941396,
      "min_child_weight": 1.246569511759383
    },
    "metrics": {
      "accuracy": 0.9993504441557529,
      "precision": 0.7714285714285715,
      "recall": 0.72,
      "f1": 0.7448275862068966,
      "auc": 0.9506057037050057
    },
    "confusion_matrix": [
      [
        56871,
        16
      ],
      [
        21,
        54
      ]
    ]
  },
  "embedded": {
    "best_params": {
      "n_estimators": 89,
      "max_depth": 8,
      "learning_rate": 0.22721726792610872,
      "reg_lambda": 8.134347847513672,
      "gamma": 1.0572182474387877,
      "min_child_weight": 0.10507403878317434
    },
    "metrics": {
      "accuracy": 0.9991924440855307,
      "precision": 0.7101449275362319,
      "recall": 0.6533333333333333,
      "f1": 0.6805555555555556,
      "auc": 0.9255255740913273
    },
    "confusion_matrix": [
      [
        56867,
        20
      ],
      [
        26,
        49
      ]
    ],
    "feature_importance_weights": [
      0.007847209461033344,
      0.007152330130338669,
      0.02602577582001686,
      0.0512678436934948,
      0.025421669706702232,
      0.01484955009073019,
      0.014791780151426792,
      0.03323499485850334,
      0.01566246524453163,
      0.07207589596509933,
      0.016599921509623528,
      0.12664751708507538,
      0.018344294279813766,
      0.28558334708213806,
      0.020888326689600945,
      0.015259684063494205,
      0.05737338960170746,
      0.007786523085087538,
      0.03598474711179733,
      0.009817917831242085,
      0.028612736612558365,
      0.008538403548300266,
      0.019340654835104942,
      0.01858283206820488,
      0.017414096742868423,
      0.009955529123544693,
      0.01209078449755907,
      0.0075025977566838264,
      0.015347140841186047
    ]
  }
}