{
  "dataset": "creditcard_sparse",
  "run_id": 6,
  "seed": 600,
  "n_features": 29,
  "target_dim": 33,
  "timestamp": "2026-03-24T17:50:46.174130",
  "raw": {
    "best_params": {
      "n_estimators": 183,
      "max_depth": 7,
      "learning_rate": 0.14669878914409823,
      "reg_lambda": 1.6677119833307275,
      "gamma": 0.7257118341878412,
      "min_child_weight": 2.455227189833386
    },
    "metrics": {
      "accuracy": 0.9994557775359011,
      "precision": 0.8666666666666667,
      "recall": 0.6933333333333334,
      "f1": 0.7703703703703704,
      "auc": 0.9630408822167924
    },
    "confusion_matrix": [
      [
        56879,
        8
      ],
      [
        23,
        52
      ]
    ]
  },
  "embedded": {
    "best_params": {
      "n_estimators": 200,
      "max_depth": 4,
      "learning_rate": 0.2957663552216589,
      "reg_lambda": 0.5966494193673626,
      "gamma": 0.43670806702484966,
      "min_child_weight": 0.7699324782970581
    },
    "metrics": {
      "accuracy": 0.9991573329588147,
      "precision": 0.6753246753246753,
      "recall": 0.6933333333333334,
      "f1": 0.6842105263157895,
      "auc": 0.9502918651595853
    },
    "confusion_matrix": [
      [
        56862,
        25
      ],
      [
        23,
        52
      ]
    ],
    "feature_importance_weights": [
      0.007847209461033344,
      0.007152330130338669,
      0.02602577582001686,
      0.0512678436934948,
      0.025421669706702232,
      0.01484955009073019,
      0.014791780151426792,
      0.03323499485850334,
      0.01566246524453163,
      0.07207589596509933,
      0.016599921509623528,
      0.12664751708507538,
      0.018344294279813766,
      0.28558334708213806,
      0.020888326689600945,
      0.015259684063494205,
      0.05737338960170746,
      0.007786523085087538,
      0.03598474711179733,
      0.009817917831242085,
      0.028612736612558365,
      0.008538403548300266,
      0.019340654835104942,
      0.01858283206820488,
      0.017414096742868423,
      0.009955529123544693,
      0.01209078449755907,
      0.0075025977566838264,
      0.015347140841186047
    ]
  }
}