{
  "dataset": "creditcard",
  "run_id": 6,
  "seed": 600,
  "n_features": 29,
  "target_dim": 33,
  "timestamp": "2026-03-24T17:10:16.254793",
  "raw": {
    "best_params": {
      "n_estimators": 50,
      "max_depth": 8,
      "learning_rate": 0.28277811866194075,
      "reg_lambda": 0.10859804754176915,
      "gamma": 1.2265139605951827,
      "min_child_weight": 0.10197364104716004
    },
    "metrics": {
      "accuracy": 0.9994733330992591,
      "precision": 0.8571428571428571,
      "recall": 0.72,
      "f1": 0.782608695652174,
      "auc": 0.9809697587615214
    },
    "confusion_matrix": [
      [
        56878,
        9
      ],
      [
        21,
        54
      ]
    ]
  },
  "embedded": {
    "best_params": {
      "n_estimators": 198,
      "max_depth": 10,
      "learning_rate": 0.06060148329092637,
      "reg_lambda": 2.5136688351272896,
      "gamma": 0.44711828666541,
      "min_child_weight": 0.3301577726760182
    },
    "metrics": {
      "accuracy": 0.9993153330290369,
      "precision": 0.7307692307692307,
      "recall": 0.76,
      "f1": 0.7450980392156863,
      "auc": 0.9761978425064894
    },
    "confusion_matrix": [
      [
        56866,
        21
      ],
      [
        18,
        57
      ]
    ],
    "feature_importance_weights": [
      0.012740488164126873,
      0.011445838026702404,
      0.011672032997012138,
      0.06596480309963226,
      0.01280221901834011,
      0.004810146987438202,
      0.028794970363378525,
      0.018414733931422234,
      0.00802528951317072,
      0.022798335179686546,
      0.013189711607992649,
      0.03853181377053261,
      0.028896648436784744,
      0.4710371792316437,
      0.02648649364709854,
      0.007856438867747784,
      0.01534244790673256,
      0.016420746222138405,
      0.029106488451361656,
      0.027651600539684296,
      0.015081207267940044,
      0.02360135316848755,
      0.023088088259100914,
      0.006800125353038311,
      0.013411279767751694,
      0.012817000970244408,
      0.0061454204842448235,
      0.014371241442859173,
      0.012695933692157269
    ]
  }
}