{
  "dataset": "creditcard_sparse",
  "run_id": 4,
  "seed": 400,
  "n_features": 29,
  "target_dim": 33,
  "timestamp": "2026-03-24T17:43:18.910961",
  "raw": {
    "best_params": {
      "n_estimators": 180,
      "max_depth": 4,
      "learning_rate": 0.29753418273818494,
      "reg_lambda": 0.22784559920980232,
      "gamma": 0.010838617950109153,
      "min_child_weight": 0.10491615890336937
    },
    "metrics": {
      "accuracy": 0.9995084442259752,
      "precision": 0.8983050847457628,
      "recall": 0.7066666666666667,
      "f1": 0.7910447761194029,
      "auc": 0.9463582189252377
    },
    "confusion_matrix": [
      [
        56881,
        6
      ],
      [
        22,
        53
      ]
    ]
  },
  "embedded": {
    "best_params": {
      "n_estimators": 154,
      "max_depth": 8,
      "learning_rate": 0.11474533950751452,
      "reg_lambda": 2.605959990626765,
      "gamma": 0.4441994909332545,
      "min_child_weight": 0.7738673267760107
    },
    "metrics": {
      "accuracy": 0.9992099996488887,
      "precision": 0.7272727272727273,
      "recall": 0.64,
      "f1": 0.6808510638297872,
      "auc": 0.9427210669104248
    },
    "confusion_matrix": [
      [
        56869,
        18
      ],
      [
        27,
        48
      ]
    ],
    "feature_importance_weights": [
      0.007847209461033344,
      0.007152330130338669,
      0.02602577582001686,
      0.0512678436934948,
      0.025421669706702232,
      0.01484955009073019,
      0.014791780151426792,
      0.03323499485850334,
      0.01566246524453163,
      0.07207589596509933,
      0.016599921509623528,
      0.12664751708507538,
      0.018344294279813766,
      0.28558334708213806,
      0.020888326689600945,
      0.015259684063494205,
      0.05737338960170746,
      0.007786523085087538,
      0.03598474711179733,
      0.009817917831242085,
      0.028612736612558365,
      0.008538403548300266,
      0.019340654835104942,
      0.01858283206820488,
      0.017414096742868423,
      0.009955529123544693,
      0.01209078449755907,
      0.0075025977566838264,
      0.015347140841186047
    ]
  }
}