{
  "dataset": "creditcard_sparse",
  "run_id": 7,
  "seed": 700,
  "n_features": 29,
  "target_dim": 33,
  "timestamp": "2026-03-24T17:56:22.538083",
  "raw": {
    "best_params": {
      "n_estimators": 67,
      "max_depth": 10,
      "learning_rate": 0.2956145454719576,
      "reg_lambda": 6.855992273730721,
      "gamma": 1.9720020478668145,
      "min_child_weight": 0.6812922254504733
    },
    "metrics": {
      "accuracy": 0.999385555282469,
      "precision": 0.803030303030303,
      "recall": 0.7066666666666667,
      "f1": 0.75177304964539,
      "auc": 0.9617543551250726
    },
    "confusion_matrix": [
      [
        56874,
        13
      ],
      [
        22,
        53
      ]
    ]
  },
  "embedded": {
    "best_params": {
      "n_estimators": 58,
      "max_depth": 9,
      "learning_rate": 0.060517246280009644,
      "reg_lambda": 2.6721915102513973,
      "gamma": 1.6025273700724687,
      "min_child_weight": 3.6226813736327044
    },
    "metrics": {
      "accuracy": 0.9982093325374811,
      "precision": 0.3953488372093023,
      "recall": 0.68,
      "f1": 0.5,
      "auc": 0.9349365115638604
    },
    "confusion_matrix": [
      [
        56809,
        78
      ],
      [
        24,
        51
      ]
    ],
    "feature_importance_weights": [
      0.007847209461033344,
      0.007152330130338669,
      0.02602577582001686,
      0.0512678436934948,
      0.025421669706702232,
      0.01484955009073019,
      0.014791780151426792,
      0.03323499485850334,
      0.01566246524453163,
      0.07207589596509933,
      0.016599921509623528,
      0.12664751708507538,
      0.018344294279813766,
      0.28558334708213806,
      0.020888326689600945,
      0.015259684063494205,
      0.05737338960170746,
      0.007786523085087538,
      0.03598474711179733,
      0.009817917831242085,
      0.028612736612558365,
      0.008538403548300266,
      0.019340654835104942,
      0.01858283206820488,
      0.017414096742868423,
      0.009955529123544693,
      0.01209078449755907,
      0.0075025977566838264,
      0.015347140841186047
    ]
  }
}