{
  "dataset": "creditcard",
  "run_id": 1,
  "seed": 100,
  "n_features": 29,
  "target_dim": 33,
  "timestamp": "2026-03-24T16:43:05.956082",
  "raw": {
    "best_params": {
      "n_estimators": 120,
      "max_depth": 8,
      "learning_rate": 0.11124612422099524,
      "reg_lambda": 4.542731548826515,
      "gamma": 0.35610223266101193,
      "min_child_weight": 0.63192560519229
    },
    "metrics": {
      "accuracy": 0.9995786664794073,
      "precision": 0.9047619047619048,
      "recall": 0.76,
      "f1": 0.8260869565217391,
      "auc": 0.9881903891340141
    },
    "confusion_matrix": [
      [
        56881,
        6
      ],
      [
        18,
        57
      ]
    ]
  },
  "embedded": {
    "best_params": {
      "n_estimators": 126,
      "max_depth": 9,
      "learning_rate": 0.048572028277056555,
      "reg_lambda": 0.561694190034744,
      "gamma": 1.1258339420292642,
      "min_child_weight": 0.41675654753009717
    },
    "metrics": {
      "accuracy": 0.9991397773954567,
      "precision": 0.6547619047619048,
      "recall": 0.7333333333333333,
      "f1": 0.6918238993710691,
      "auc": 0.9635189059011726
    },
    "confusion_matrix": [
      [
        56858,
        29
      ],
      [
        20,
        55
      ]
    ],
    "feature_importance_weights": [
      0.012740488164126873,
      0.011445838026702404,
      0.011672032997012138,
      0.06596480309963226,
      0.01280221901834011,
      0.004810146987438202,
      0.028794970363378525,
      0.018414733931422234,
      0.00802528951317072,
      0.022798335179686546,
      0.013189711607992649,
      0.03853181377053261,
      0.028896648436784744,
      0.4710371792316437,
      0.02648649364709854,
      0.007856438867747784,
      0.01534244790673256,
      0.016420746222138405,
      0.029106488451361656,
      0.027651600539684296,
      0.015081207267940044,
      0.02360135316848755,
      0.023088088259100914,
      0.006800125353038311,
      0.013411279767751694,
      0.012817000970244408,
      0.0061454204842448235,
      0.014371241442859173,
      0.012695933692157269
    ]
  }
}