{
  "dataset": "creditcard_sparse",
  "run_id": 10,
  "seed": 1000,
  "n_features": 29,
  "target_dim": 33,
  "timestamp": "2026-03-24T18:09:33.154899",
  "raw": {
    "best_params": {
      "n_estimators": 199,
      "max_depth": 8,
      "learning_rate": 0.15797878293237727,
      "reg_lambda": 8.766612459124024,
      "gamma": 0.8627109129387269,
      "min_child_weight": 3.1507190245246997
    },
    "metrics": {
      "accuracy": 0.9993679997191109,
      "precision": 0.782608695652174,
      "recall": 0.72,
      "f1": 0.75,
      "auc": 0.9638919260991088
    },
    "confusion_matrix": [
      [
        56872,
        15
      ],
      [
        21,
        54
      ]
    ]
  },
  "embedded": {
    "best_params": {
      "n_estimators": 53,
      "max_depth": 8,
      "learning_rate": 0.24760002062581923,
      "reg_lambda": 9.989208895017399,
      "gamma": 0.0027479391505193934,
      "min_child_weight": 0.11034696976025106
    },
    "metrics": {
      "accuracy": 0.9986657771847899,
      "precision": 0.4948453608247423,
      "recall": 0.64,
      "f1": 0.5581395348837209,
      "auc": 0.9122824781291567
    },
    "confusion_matrix": [
      [
        56838,
        49
      ],
      [
        27,
        48
      ]
    ],
    "feature_importance_weights": [
      0.007847209461033344,
      0.007152330130338669,
      0.02602577582001686,
      0.0512678436934948,
      0.025421669706702232,
      0.01484955009073019,
      0.014791780151426792,
      0.03323499485850334,
      0.01566246524453163,
      0.07207589596509933,
      0.016599921509623528,
      0.12664751708507538,
      0.018344294279813766,
      0.28558334708213806,
      0.020888326689600945,
      0.015259684063494205,
      0.05737338960170746,
      0.007786523085087538,
      0.03598474711179733,
      0.009817917831242085,
      0.028612736612558365,
      0.008538403548300266,
      0.019340654835104942,
      0.01858283206820488,
      0.017414096742868423,
      0.009955529123544693,
      0.01209078449755907,
      0.0075025977566838264,
      0.015347140841186047
    ]
  }
}