{
  "dataset": "creditcard",
  "run_id": 5,
  "seed": 500,
  "n_features": 29,
  "target_dim": 33,
  "timestamp": "2026-03-24T17:05:44.155284",
  "raw": {
    "best_params": {
      "n_estimators": 199,
      "max_depth": 7,
      "learning_rate": 0.2975510973405157,
      "reg_lambda": 0.5748614258892013,
      "gamma": 1.229883731457233,
      "min_child_weight": 1.9761769009708796
    },
    "metrics": {
      "accuracy": 0.9995611109160493,
      "precision": 0.890625,
      "recall": 0.76,
      "f1": 0.8201438848920863,
      "auc": 0.980219968241133
    },
    "confusion_matrix": [
      [
        56880,
        7
      ],
      [
        18,
        57
      ]
    ]
  },
  "embedded": {
    "best_params": {
      "n_estimators": 131,
      "max_depth": 8,
      "learning_rate": 0.2853902517029545,
      "reg_lambda": 1.2210852532305896,
      "gamma": 0.24580787830821427,
      "min_child_weight": 0.8761583607154463
    },
    "metrics": {
      "accuracy": 0.9991397773954567,
      "precision": 0.6585365853658537,
      "recall": 0.72,
      "f1": 0.6878980891719745,
      "auc": 0.9832875700951008
    },
    "confusion_matrix": [
      [
        56859,
        28
      ],
      [
        21,
        54
      ]
    ],
    "feature_importance_weights": [
      0.012740488164126873,
      0.011445838026702404,
      0.011672032997012138,
      0.06596480309963226,
      0.01280221901834011,
      0.004810146987438202,
      0.028794970363378525,
      0.018414733931422234,
      0.00802528951317072,
      0.022798335179686546,
      0.013189711607992649,
      0.03853181377053261,
      0.028896648436784744,
      0.4710371792316437,
      0.02648649364709854,
      0.007856438867747784,
      0.01534244790673256,
      0.016420746222138405,
      0.029106488451361656,
      0.027651600539684296,
      0.015081207267940044,
      0.02360135316848755,
      0.023088088259100914,
      0.006800125353038311,
      0.013411279767751694,
      0.012817000970244408,
      0.0061454204842448235,
      0.014371241442859173,
      0.012695933692157269
    ]
  }
}