{
  "dataset": "santander",
  "run_id": 7,
  "seed": 700,
  "n_features": 200,
  "target_dim": 52,
  "timestamp": "2026-03-24T19:03:45.685161",
  "raw": {
    "best_params": {
      "n_estimators": 168,
      "max_depth": 5,
      "learning_rate": 0.23142450394344366,
      "reg_lambda": 0.8425982925061455,
      "gamma": 1.7351472004204014,
      "min_child_weight": 0.589074223412087
    },
    "metrics": {
      "accuracy": 0.85975,
      "precision": 0.38949454905847375,
      "recall": 0.6794270190170413,
      "f1": 0.4951403887688985,
      "auc": 0.8762404433206776
    },
    "confusion_matrix": [
      [
        31639,
        4312
      ],
      [
        1298,
        2751
      ]
    ]
  },
  "embedded": {
    "best_params": {
      "n_estimators": 113,
      "max_depth": 7,
      "learning_rate": 0.07636583481311357,
      "reg_lambda": 0.23568846992825113,
      "gamma": 0.6388346011296505,
      "min_child_weight": 0.5228630159611583
    },
    "metrics": {
      "accuracy": 0.7661,
      "precision": 0.23242916204497327,
      "recall": 0.569276364534453,
      "f1": 0.3300873550050122,
      "auc": 0.7554703189178646
    },
    "confusion_matrix": [
      [
        28339,
        7612
      ],
      [
        1744,
        2305
      ]
    ],
    "feature_importance_weights": [
      0.009139145724475384,
      0.006665207911282778,
      0.008708528243005276,
      0.0016597136855125427,
      0.0016553475288674235,
      0.005923656281083822,
      0.012330735102295876,
      0.0017858748324215412,
      0.0025899531319737434,
      0.005738188978284597,
      0.0021224496886134148,
      0.0022767523769289255,
      0.017136225476861,
      0.008722007274627686,
      0.0018557625589892268,
      0.0019767414778470993,
      0.0018432986689731479,
      0.002465106314048171,
      0.006732017267495394,
      0.001925187068991363,
      0.0024466668255627155,
      0.010419880971312523,
      0.010322202928364277,
      0.003395067760720849,
      0.00345858302898705,
      0.001952092512510717,
      0.013749240897595882,
      0.0019023262429982424,
      0.0031084262300282717,
      0.0017098995158448815,
      0.0022201607935130596,
      0.0025589712895452976,
      0.005727564450353384,
      0.009086627513170242,
      0.008414603769779205,
      0.004684728104621172,
      0.0048425705172121525,
      0.0019378133583813906,
      0.002200170187279582,
      0.0019709833431988955,
      0.009174293838441372,
      0.0019525268580764532,
      0.0022997059859335423,
      0.003840805497020483,
      0.012156539596617222,
      0.002402416430413723,
      0.0016442568739876151,
      0.0022960992064327,
      0.0038029050920158625,
      0.003547833301126957,
      0.002518085530027747,
      0.0033527794294059277,
      0.0034569785930216312,
      0.013620929792523384,
      0.0024180610198527575,
      0.00322833564132452,
      0.0062627349980175495,
      0.0025011389516294003,
      0.0033199358731508255,
      0.002481337171047926,
      0.00174056738615036,
      0.0024590666871517897,
      0.00239078002050519,
      0.0023517105728387833,
      0.0018817174714058638,
      0.002030652714893222,
      0.003293508430942893,
      0.005994819570332766,
      0.0018555759452283382,
      0.0017534252256155014,
      0.0027557893190532923,
      0.003105487208813429,
      0.0028453439008444548,
      0.0025264830328524113,
      0.0025291768833994865,
      0.006523584481328726,
      0.010709158144891262,
      0.002690426306799054,
      0.009756975807249546,
      0.0018475252436473966,
      0.011816100217401981,
      0.027371270582079887,
      0.0035099871456623077,
      0.002587072318419814,
      0.0023616210091859102,
      0.0030322792008519173,
      0.007351159583777189,
      0.004178356844931841,
      0.0021732705645263195,
      0.005443860311061144,
      0.0035021654330193996,
      0.006243234034627676,
      0.007408210076391697,
      0.005466930102556944,
      0.010867556557059288,
      0.00678422674536705,
      0.002020386978983879,
      0.0027205829974263906,
      0.002359416102990508,
      0.011200496926903725,
      0.0019199933158233762,
      0.0020169129129499197,
      0.002836461877450347,
      0.0016657457454130054,
      0.0029368880204856396,
      0.0030764483381062746,
      0.0047723292373120785,
      0.007145280484110117,
      0.008378454484045506,
      0.012549820356070995,
      0.015410695225000381,
      0.004299255087971687,
      0.004461487289518118,
      0.002003974746912718,
      0.003756781807169318,
      0.00739671103656292,
      0.0024319232907146215,
      0.0017007091082632542,
      0.00513587286695838,
      0.006008732598274946,
      0.001755198580212891,
      0.0061583248898386955,
      0.006600566674023867,
      0.008498267270624638,
      0.002075823722407222,
      0.003928020130842924,
      0.0017479961970821023,
      0.005028463434427977,
      0.002845211885869503,
      0.0026882679667323828,
      0.005456124898046255,
      0.003520323894917965,
      0.004489922430366278,
      0.008856931701302528,
      0.0038619202096015215,
      0.003686445765197277,
      0.0020580810960382223,
      0.003193247364833951,
      0.0022436047438532114,
      0.02070847898721695,
      0.002652010414749384,
      0.0048170569352805614,
      0.0023957593366503716,
      0.0024582312908023596,
      0.0019966191612184048,
      0.004309428855776787,
      0.012302357703447342,
      0.005255613010376692,
      0.010407630354166031,
      0.007341576274484396,
      0.003772169118747115,
      0.00339677557349205,
      0.0018988450756296515,
      0.002764141419902444,
      0.00761919841170311,
      0.007186152506619692,
      0.0027371752075850964,
      0.005610254127532244,
      0.002164667472243309,
      0.002212671097368002,
      0.002137027680873871,
      0.0023758001625537872,
      0.005541882943361998,
      0.0057796272449195385,
      0.009763745591044426,
      0.009312272071838379,
      0.009874781593680382,
      0.004043276887387037,
      0.0024629179388284683,
      0.006695600692182779,
      0.010248599573969841,
      0.002264094538986683,
      0.0052511501125991344,
      0.006241505034267902,
      0.01261203084141016,
      0.0031474176794290543,
      0.0019030123949050903,
      0.010715244337916374,
      0.0026710357051342726,
      0.010755290277302265,
      0.006043258588761091,
      0.0024905928876250982,
      0.0021763695403933525,
      0.0020685954950749874,
      0.007864046841859818,
      0.002115594455972314,
      0.0037870656233280897,
      0.002370759379118681,
      0.008057118393480778,
      0.0025276478845626116,
      0.011309348046779633,
      0.009174381382763386,
      0.004984760656952858,
      0.0026698787696659565,
      0.0029118224047124386,
      0.0035370902623981237,
      0.0034064091742038727,
      0.005829478148370981,
      0.01136101596057415,
      0.0038362087216228247
    ]
  }
}