{
  "dataset": "synthetic_fraud_dataset",
  "generated_at": "2026-01-07T16:31:01.820884",
  "frozen": {
    "n_components": [
      9,
      8,
      7,
      6,
      5,
      4,
      3,
      2
    ],
    "explained_variance": [
      1.0,
      0.9739644465562832,
      0.9188453685379843,
      0.8287601019151871,
      0.7244312794918093,
      0.6153652804257856,
      0.5040218765047537,
      0.39097416931963946
    ],
    "train_f1": [
      1.0,
      0.9983844911147012,
      0.9872611464968153,
      0.9869706840390879,
      0.9869706840390879,
      0.954468802698145,
      0.9634551495016611,
      0.9529983792544571
    ],
    "train_auc": [
      1.0,
      1.0,
      1.0,
      0.9999892284143093,
      0.9999484097737967,
      0.9999280004535404,
      0.9998500481886728,
      0.9996570100345824
    ],
    "train_accuracy": [
      1.0,
      0.9998333333333334,
      0.9986666666666667,
      0.9986666666666667,
      0.9986666666666667,
      0.9955,
      0.9963333333333333,
      0.9951666666666666
    ],
    "train_precision": [
      1.0,
      1.0,
      0.9748427672955975,
      0.9967105263157895,
      0.9967105263157895,
      1.0,
      0.9931506849315068,
      0.9576547231270358
    ],
    "train_recall": [
      1.0,
      0.9967741935483871,
      1.0,
      0.9774193548387097,
      0.9774193548387097,
      0.9129032258064517,
      0.9354838709677419,
      0.9483870967741935
    ],
    "val_f1": [
      1.0,
      1.0,
      0.9948186528497409,
      0.9578947368421052,
      0.9518716577540107,
      0.9333333333333333,
      0.9398907103825137,
      0.9347826086956522
    ],
    "val_auc": [
      1.0,
      1.0,
      0.9999890581232493,
      0.999586944152661,
      0.9995732668067225,
      0.9993681066176471,
      0.9995240283613445,
      0.9992504814425771
    ],
    "val_accuracy": [
      1.0,
      1.0,
      0.9995,
      0.996,
      0.9955,
      0.994,
      0.9945,
      0.994
    ],
    "val_precision": [
      1.0,
      1.0,
      0.9896907216494846,
      0.9680851063829787,
      0.978021978021978,
      1.0,
      0.9885057471264368,
      0.9772727272727273
    ],
    "val_recall": [
      1.0,
      1.0,
      1.0,
      0.9479166666666666,
      0.9270833333333334,
      0.875,
      0.8958333333333334,
      0.8958333333333334
    ],
    "test_f1": [
      1.0,
      1.0,
      0.9791666666666666,
      0.9629629629629629,
      0.967391304347826,
      0.9555555555555556,
      0.956989247311828,
      0.9411764705882353
    ],
    "test_auc": [
      1.0,
      1.0,
      1.0,
      0.9997376705141657,
      0.9997879038199639,
      0.9996874372083677,
      0.9995367372909736,
      0.9992297559777633
    ],
    "test_accuracy": [
      1.0,
      1.0,
      0.998,
      0.9965,
      0.997,
      0.996,
      0.996,
      0.9945
    ],
    "test_precision": [
      1.0,
      1.0,
      0.9591836734693877,
      0.9578947368421052,
      0.9888888888888889,
      1.0,
      0.967391304347826,
      0.946236559139785
    ],
    "test_recall": [
      1.0,
      1.0,
      1.0,
      0.9680851063829787,
      0.9468085106382979,
      0.9148936170212766,
      0.9468085106382979,
      0.9361702127659575
    ],
    "threshold": [
      0.9714675545692444,
      0.9707457423210144,
      0.2794323265552521,
      0.5250057578086853,
      0.4766506850719452,
      0.9938164353370667,
      0.5616912841796875,
      0.30991876125335693
    ]
  },
  "tuned": {
    "n_components": [
      9,
      8,
      7,
      6,
      5,
      4,
      3,
      2
    ],
    "explained_variance": [
      1.0,
      0.9739644465562832,
      0.9188453685379843,
      0.8287601019151871,
      0.7244312794918093,
      0.6153652804257856,
      0.5040218765047537,
      0.39097416931963946
    ],
    "train_f1": [
      0.9819376026272578,
      0.9935064935064936,
      0.9885807504078303,
      0.9935064935064936,
      0.9935064935064936,
      0.9935064935064936,
      0.9935064935064936,
      0.9935064935064936
    ],
    "train_auc": [
      1.0,
      0.9999829922331197,
      1.0,
      1.0,
      0.9999773229774931,
      0.9999977322977494,
      0.999977322977493,
      0.999977322977493
    ],
    "train_accuracy": [
      0.9981666666666666,
      0.9993333333333333,
      0.9988333333333334,
      0.9993333333333333,
      0.9993333333333333,
      0.9993333333333333,
      0.9993333333333333,
      0.9993333333333333
    ],
    "train_precision": [
      1.0,
      1.0,
      1.0,
      1.0,
      1.0,
      1.0,
      1.0,
      1.0
    ],
    "train_recall": [
      0.964516129032258,
      0.9870967741935484,
      0.9774193548387097,
      0.9870967741935484,
      0.9870967741935484,
      0.9870967741935484,
      0.9870967741935484,
      0.9870967741935484
    ],
    "val_f1": [
      1.0,
      1.0,
      1.0,
      1.0,
      1.0,
      1.0,
      1.0,
      1.0
    ],
    "val_auc": [
      1.0,
      1.0,
      1.0,
      1.0,
      1.0,
      1.0,
      1.0,
      1.0
    ],
    "val_accuracy": [
      1.0,
      1.0,
      1.0,
      1.0,
      1.0,
      1.0,
      1.0,
      1.0
    ],
    "val_precision": [
      1.0,
      1.0,
      1.0,
      1.0,
      1.0,
      1.0,
      1.0,
      1.0
    ],
    "val_recall": [
      1.0,
      1.0,
      1.0,
      1.0,
      1.0,
      1.0,
      1.0,
      1.0
    ],
    "test_f1": [
      0.9837837837837838,
      0.989247311827957,
      0.989247311827957,
      0.989247311827957,
      0.989247311827957,
      0.989247311827957,
      0.989247311827957,
      0.989247311827957
    ],
    "test_auc": [
      1.0,
      0.999983255564734,
      1.0,
      0.999994418521578,
      0.999966511129468,
      0.999969301868679,
      0.999966511129468,
      0.999966511129468
    ],
    "test_accuracy": [
      0.9985,
      0.999,
      0.999,
      0.999,
      0.999,
      0.999,
      0.999,
      0.999
    ],
    "test_precision": [
      1.0,
      1.0,
      1.0,
      1.0,
      1.0,
      1.0,
      1.0,
      1.0
    ],
    "test_recall": [
      0.9680851063829787,
      0.9787234042553191,
      0.9787234042553191,
      0.9787234042553191,
      0.9787234042553191,
      0.9787234042553191,
      0.9787234042553191,
      0.9787234042553191
    ],
    "threshold": [
      0.19645322859287262,
      0.09387378394603729,
      0.2680971026420593,
      0.974342405796051,
      0.2560209333896637,
      0.9731781482696533,
      0.3525560796260834,
      0.19943204522132874
    ],
    "best_params": [
      {
        "n_estimators": 91,
        "max_depth": 7,
        "learning_rate": 0.0025661714914102293,
        "reg_lambda": 1.907419330742051,
        "gamma": 0.506681808686511,
        "min_child_weight": 2.20685634423282,
        "objective": "binary:logistic",
        "eval_metric": "logloss",
        "max_bin": 256,
        "tree_method": "hist",
        "random_state": 42,
        "n_jobs": 1,
        "early_stopping_rounds": 10
      },
      {
        "n_estimators": 59,
        "max_depth": 8,
        "learning_rate": 0.0010434278239610849,
        "reg_lambda": 7.1966234581405315,
        "gamma": 0.5144593560914426,
        "min_child_weight": 0.7776078823842805,
        "objective": "binary:logistic",
        "eval_metric": "logloss",
        "max_bin": 256,
        "tree_method": "hist",
        "random_state": 42,
        "n_jobs": 1,
        "early_stopping_rounds": 10
      },
      {
        "n_estimators": 81,
        "max_depth": 7,
        "learning_rate": 0.003823212715669308,
        "reg_lambda": 7.559763149592502,
        "gamma": 1.3781565645703955,
        "min_child_weight": 1.2974844429513308,
        "objective": "binary:logistic",
        "eval_metric": "logloss",
        "max_bin": 256,
        "tree_method": "hist",
        "random_state": 42,
        "n_jobs": 1,
        "early_stopping_rounds": 10
      },
      {
        "n_estimators": 107,
        "max_depth": 6,