{
    "baseline": {
        "frozen": {
            "accuracy": 0.9275,
            "f1": 0.17142857142857143,
            "auc": 0.6558230318802862,
            "precision": 0.5,
            "recall": 0.10344827586206896
        },
        "tuned": {
            "accuracy": 0.925,
            "f1": 0.16666666666666666,
            "auc": 0.685565573008644,
            "precision": 0.42857142857142855,
            "recall": 0.10344827586206896
        },
        "best_params": {
            "n_layers": 3,
            "hidden_dim_0": 211,
            "hidden_dim_1": 227,
            "hidden_dim_2": 255,
            "dropout": 0.18565045697166546,
            "lr": 0.0002805094210329639,
            "batch_size": 128,
            "weight_decay": 0.00013462530209834098
        }
    },
    "experiments": [
        {
            "split_method": "random",
            "target_dim": 2,
            "frozen": {
                "accuracy": 0.9275,
                "f1": 0.0,
                "auc": 0.43572822753043966,
                "precision": 0.0,
                "recall": 0.0
            },
            "tuned": {
                "accuracy": 0.9275,
                "f1": 0.0,
                "auc": 0.458964587786969,
                "precision": 0.0,
                "recall": 0.0
            },
            "best_params": {
                "n_layers": 3,
                "hidden_dim_0": 58,
                "hidden_dim_1": 226,
                "hidden_dim_2": 172,
                "dropout": 0.23235920994105969,
                "lr": 0.00013400367243354819,
                "batch_size": 128,
                "weight_decay": 8.178476574339548e-05
            }
        },
        {
            "split_method": "sequential",
            "target_dim": 2,
            "frozen": {
                "accuracy": 0.9275,
                "f1": 0.0,
                "auc": 0.5262570870898783,
                "precision": 0.0,
                "recall": 0.0
            },
            "tuned": {
                "accuracy": 0.9275,
                "f1": 0.0,
                "auc": 0.5676178083465007,
                "precision": 0.0,
                "recall": 0.0
            },
            "best_params": {
                "n_layers": 4,
                "hidden_dim_0": 131,
                "hidden_dim_1": 59,
                "hidden_dim_2": 143,
                "hidden_dim_3": 39,
                "dropout": 0.4637281608315128,
                "lr": 0.00032927591344236165,
                "batch_size": 32,
                "weight_decay": 4.366473592979636e-05
            }
        },
        {
            "split_method": "random",
            "target_dim": 12,
            "frozen": {
                "accuracy": 0.9275,
                "f1": 0.0,
                "auc": 0.5745887164234594,
                "precision": 0.0,
                "recall": 0.0
            },
            "tuned": {
                "accuracy": 0.9275,
                "f1": 0.0,
                "auc": 0.6005204944697463,
                "precision": 0.0,
                "recall": 0.0
            },
            "best_params": {
                "n_layers": 3,
                "hidden_dim_0": 58,
                "hidden_dim_1": 226,
                "hidden_dim_2": 172,
                "dropout": 0.23235920994105969,
                "lr": 0.00013400367243354819,
                "batch_size": 128,
                "weight_decay": 8.178476574339548e-05
            }
        },
        {
            "split_method": "sequential",
            "target_dim": 12,
            "frozen": {
                "accuracy": 0.9275,
                "f1": 0.0,
                "auc": 0.5609257365926201,
                "precision": 0.0,
                "recall": 0.0
            },
            "tuned": {
                "accuracy": 0.9275,
                "f1": 0.0,
                "auc": 0.5770982433311647,
                "precision": 0.0,
                "recall": 0.0
            },
            "best_params": {
                "n_layers": 3,
                "hidden_dim_0": 71,
                "hidden_dim_1": 159,
                "hidden_dim_2": 256,
                "dropout": 0.2607633694931583,
                "lr": 0.00010137181476151921,
                "batch_size": 128,
                "weight_decay": 0.00019257915842054094
            }
        },
        {
            "split_method": "random",
            "target_dim": 22,
            "frozen": {
                "accuracy": 0.9275,
                "f1": 0.0,
                "auc": 0.6151129287108468,
                "precision": 0.0,
                "recall": 0.0
            },
            "tuned": {
                "accuracy": 0.9275,
                "f1": 0.0,
                "auc": 0.6443907426340737,
                "precision": 0.0,
                "recall": 0.0
            },
            "best_params": {
                "n_layers": 3,
                "hidden_dim_0": 76,
                "hidden_dim_1": 128,
                "hidden_dim_2": 102,
                "dropout": 0.3262452362725613,
                "lr": 0.00011952270129143859,
                "batch_size": 128,
                "weight_decay": 0.0007306031920171934
            }
        },
        {
            "split_method": "sequential",
            "target_dim": 22,
            "frozen": {
                "accuracy": 0.9275,
                "f1": 0.0,
                "auc": 0.552188865136165,
                "precision": 0.0,
                "recall": 0.0
            },
            "tuned": {
                "accuracy": 0.9275,
                "f1": 0.0,
                "auc": 0.682498373454782,
                "precision": 0.0,
                "recall": 0.0
            },
            "best_params": {
                "n_layers": 3,
                "hidden_dim_0": 58,
                "hidden_dim_1": 226,
                "hidden_dim_2": 172,
                "dropout": 0.23235920994105969,
                "lr": 0.00013400367243354819,
                "batch_size": 128,
                "weight_decay": 8.178476574339548e-05
            }
        },
        {
            "split_method": "random",
            "target_dim": 33,
            "frozen": {
                "accuracy": 0.9275,
                "f1": 0.0,
                "auc": 0.5652941723208478,
                "precision": 0.0,
                "recall": 0.0
            },
            "tuned": {
                "accuracy": 0.9275,
                "f1": 0.0,
                "auc": 0.49474858258202437,
                "precision": 0.0,
                "recall": 0.0
            },
            "best_params": {
                "n_layers": 2,
                "hidden_dim_0": 250,
                "hidden_dim_1": 219,
                "dropout": 0.18493564427131048,
                "lr": 0.0002310201887845295,
                "batch_size": 128,
                "weight_decay": 1.9762189340280066e-05
            }
        },
        {
            "split_method": "sequential",
            "target_dim": 33,
            "frozen": {
                "accuracy": 0.9275,
                "f1": 0.0,
                "auc": 0.6430895064597081,
                "precision": 0.0,
                "recall": 0.0
            },
            "tuned": {
                "accuracy": 0.9275,
                "f1": 0.0,
                "auc": 0.6366762710289061,
                "precision": 0.0,
                "recall": 0.0
            },
            "best_params": {
                "n_layers": 2,
                "hidden_dim_0": 250,
                "hidden_dim_1": 219,
                "dropout": 0.18493564427131048,
                "lr": 0.0002310201887845295,
                "batch_size": 128,
                "weight_decay": 1.9762189340280066e-05
            }
        },
        {
            "split_method": "random",
            "target_dim": 43,
            "frozen": {
                "accuracy": 0.9275,
                "f1": 0.0,
                "auc": 0.5384329398642997,