{
  "dataset": "creditcard_sparse",
  "run_id": 6,
  "seed": 600,
  "config": {
    "emb_dim": 32,
    "hidden_dim": 64,
    "n_layers": 2,
    "loss": "huber",
    "lr": 0.001,
    "activation": "relu"
  },
  "n_features": 29,
  "embedding_dim": 32,
  "timestamp": "2026-03-25T10:24:25.371771",
  "raw": {
    "best_params": {
      "n_estimators": 107,
      "max_depth": 7,
      "learning_rate": 0.1508058382443637,
      "reg_lambda": 1.9223929030666913,
      "gamma": 1.5905048452299777,
      "min_child_weight": 0.7942261671553357
    },
    "metrics": {
      "accuracy": 0.9994382219725431,
      "precision": 0.8307692307692308,
      "recall": 0.72,
      "f1": 0.7714285714285715,
      "auc": 0.9543096548127574
    },
    "confusion_matrix": [
      [
        56876,
        11
      ],
      [
        21,
        54
      ]
    ]
  },
  "embedded": {
    "best_params": {
      "n_estimators": 80,
      "max_depth": 9,
      "learning_rate": 0.1110449775670117,
      "reg_lambda": 0.14197510870749902,
      "gamma": 0.7194080229559131,
      "min_child_weight": 0.6155370839957931
    },
    "metrics": {
      "accuracy": 0.9992802219023208,
      "precision": 0.7361111111111112,
      "recall": 0.7066666666666667,
      "f1": 0.7210884353741497,
      "auc": 0.9625941486338414
    },
    "confusion_matrix": [
      [
        56868,
        19
      ],
      [
        22,
        53
      ]
    ]
  }
}