{
  "dataset": "creditcard_sparse",
  "run_id": 9,
  "seed": 900,
  "config": {
    "emb_dim": 32,
    "hidden_dim": 64,
    "n_layers": 2,
    "loss": "huber",
    "lr": 0.001,
    "activation": "relu"
  },
  "n_features": 29,
  "embedding_dim": 32,
  "timestamp": "2026-03-25T10:41:57.847041",
  "raw": {
    "best_params": {
      "n_estimators": 167,
      "max_depth": 7,
      "learning_rate": 0.06854472651167744,
      "reg_lambda": 1.447625954129519,
      "gamma": 0.3446864982736536,
      "min_child_weight": 0.9816010228044216
    },
    "metrics": {
      "accuracy": 0.9992977774656788,
      "precision": 0.7333333333333333,
      "recall": 0.7333333333333333,
      "f1": 0.7333333333333333,
      "auc": 0.9557682188666421
    },
    "confusion_matrix": [
      [
        56867,
        20
      ],
      [
        20,
        55
      ]
    ]
  },
  "embedded": {
    "best_params": {
      "n_estimators": 161,
      "max_depth": 8,
      "learning_rate": 0.0923900986892618,
      "reg_lambda": 2.0440066816044333,
      "gamma": 1.4912507272427231,
      "min_child_weight": 2.7309410038257074
    },
    "metrics": {
      "accuracy": 0.9992275552122467,
      "precision": 0.7183098591549296,
      "recall": 0.68,
      "f1": 0.6986301369863014,
      "auc": 0.9362278435026163
    },
    "confusion_matrix": [
      [
        56867,
        20
      ],
      [
        24,
        51
      ]
    ]
  }
}