{
  "dataset": "santander",
  "run_id": 3,
  "seed": 300,
  "config": {
    "emb_dim": 32,
    "hidden_dim": 64,
    "n_layers": 2,
    "loss": "huber",
    "lr": 0.001,
    "activation": "relu"
  },
  "n_features": 200,
  "embedding_dim": 32,
  "timestamp": "2026-03-25T11:07:09.195282",
  "raw": {
    "best_params": {
      "n_estimators": 197,
      "max_depth": 5,
      "learning_rate": 0.11191300453011425,
      "reg_lambda": 2.7515866524623345,
      "gamma": 0.4240818004970791,
      "min_child_weight": 0.4426241678173617
    },
    "metrics": {
      "accuracy": 0.852075,
      "precision": 0.3758968907786341,
      "recall": 0.6986910348234132,
      "f1": 0.4888120950323974,
      "auc": 0.8771668229112293
    },
    "confusion_matrix": [
      [
        31254,
        4697
      ],
      [
        1220,
        2829
      ]
    ]
  },
  "embedded": {
    "best_params": {
      "n_estimators": 143,
      "max_depth": 10,
      "learning_rate": 0.0739812579538487,
      "reg_lambda": 0.3783213361309489,
      "gamma": 0.283360987442405,
      "min_child_weight": 0.1074200968074741
    },
    "metrics": {
      "accuracy": 0.859325,
      "precision": 0.3766030653737879,
      "recall": 0.5947147443813288,
      "f1": 0.4611701618308915,
      "auc": 0.8438649986251214
    },
    "confusion_matrix": [
      [
        31965,
        3986
      ],
      [
        1641,
        2408
      ]
    ]
  }
}