{
  "dataset": "creditcard_sparse",
  "run_id": 4,
  "seed": 400,
  "n_features": 29,
  "embedding_dim": 32,
  "timestamp": "2026-03-24T00:38:14.740771",
  "raw": {
    "best_params": {
      "n_estimators": 67,
      "max_depth": 7,
      "learning_rate": 0.2979689850066704,
      "reg_lambda": 5.162396219731479,
      "gamma": 1.268329678147178,
      "min_child_weight": 0.21452202888866367
    },
    "metrics": {
      "accuracy": 0.999403110845827,
      "precision": 0.8059701492537313,
      "recall": 0.72,
      "f1": 0.7605633802816901,
      "auc": 0.9575694505481627
    },
    "confusion_matrix": [
      [
        56874,
        13
      ],
      [
        21,
        54
      ]
    ]
  },
  "embedded": {
    "best_params": {
      "n_estimators": 59,
      "max_depth": 9,
      "learning_rate": 0.27769174992258816,
      "reg_lambda": 0.94577680013705,
      "gamma": 0.04753968705549922,
      "min_child_weight": 0.16560585765588828
    },
    "metrics": {
      "accuracy": 0.9992451107756047,
      "precision": 0.7285714285714285,
      "recall": 0.68,
      "f1": 0.7034482758620689,
      "auc": 0.9054349851459911
    },
    "confusion_matrix": [
      [
        56868,
        19
      ],
      [
        24,
        51
      ]
    ]
  }
}