{
  "dataset": "creditcard_sparse",
  "run_id": 3,
  "seed": 300,
  "n_features": 29,
  "embedding_dim": 32,
  "timestamp": "2026-03-24T00:31:23.431793",
  "raw": {
    "best_params": {
      "n_estimators": 156,
      "max_depth": 8,
      "learning_rate": 0.06545351376604075,
      "reg_lambda": 1.607510402115201,
      "gamma": 0.9982273085953088,
      "min_child_weight": 0.6830599079781764
    },
    "metrics": {
      "accuracy": 0.999403110845827,
      "precision": 0.8059701492537313,
      "recall": 0.72,
      "f1": 0.7605633802816901,
      "auc": 0.9555057101505324
    },
    "confusion_matrix": [
      [
        56874,
        13
      ],
      [
        21,
        54
      ]
    ]
  },
  "embedded": {
    "best_params": {
      "n_estimators": 139,
      "max_depth": 10,
      "learning_rate": 0.28231365851483026,
      "reg_lambda": 0.7289368429343611,
      "gamma": 1.1051786166539814,
      "min_child_weight": 4.7367907814138785
    },
    "metrics": {
      "accuracy": 0.9991748885221726,
      "precision": 0.7,
      "recall": 0.6533333333333333,
      "f1": 0.6758620689655173,
      "auc": 0.9265827576306244
    },
    "confusion_matrix": [
      [
        56866,
        21
      ],
      [
        26,
        49
      ]
    ]
  }
}