{
  "dataset": "creditcard_sparse",
  "run_id": 10,
  "seed": 1000,
  "n_features": 29,
  "embedding_dim": 32,
  "timestamp": "2026-03-24T01:19:37.814888",
  "raw": {
    "best_params": {
      "n_estimators": 171,
      "max_depth": 9,
      "learning_rate": 0.09846418022299357,
      "reg_lambda": 5.278393921824741,
      "gamma": 0.6099675281743409,
      "min_child_weight": 1.296031780769669
    },
    "metrics": {
      "accuracy": 0.999420666409185,
      "precision": 0.828125,
      "recall": 0.7066666666666667,
      "f1": 0.762589928057554,
      "auc": 0.9649539144854419
    },
    "confusion_matrix": [
      [
        56876,
        11
      ],
      [
        22,
        53
      ]
    ]
  },
  "embedded": {
    "best_params": {
      "n_estimators": 175,
      "max_depth": 3,
      "learning_rate": 0.001279132987662515,
      "reg_lambda": 0.5757052978296078,
      "gamma": 1.431614607673477,
      "min_child_weight": 0.47443000121636186
    },
    "metrics": {
      "accuracy": 0.9969453319757031,
      "precision": 0.25125628140703515,
      "recall": 0.6666666666666666,
      "f1": 0.36496350364963503,
      "auc": 0.806521935298633
    },
    "confusion_matrix": [
      [
        56738,
        149
      ],
      [
        25,
        50
      ]
    ]
  }
}