{
  "dataset": "creditcard_sparse",
  "run_id": 2,
  "seed": 200,
  "n_features": 29,
  "embedding_dim": 32,
  "timestamp": "2026-03-24T00:25:31.270423",
  "raw": {
    "best_params": {
      "n_estimators": 197,
      "max_depth": 7,
      "learning_rate": 0.12718217047388283,
      "reg_lambda": 9.758841861249357,
      "gamma": 0.8632701861893838,
      "min_child_weight": 4.370758270976746
    },
    "metrics": {
      "accuracy": 0.999403110845827,
      "precision": 0.8059701492537313,
      "recall": 0.72,
      "f1": 0.7605633802816901,
      "auc": 0.9673298527490171
    },
    "confusion_matrix": [
      [
        56874,
        13
      ],
      [
        21,
        54
      ]
    ]
  },
  "embedded": {
    "best_params": {
      "n_estimators": 53,
      "max_depth": 9,
      "learning_rate": 0.29700505690860785,
      "reg_lambda": 8.882654492067042,
      "gamma": 0.3761493688050024,
      "min_child_weight": 1.3467894032926493
    },
    "metrics": {
      "accuracy": 0.9990168884519505,
      "precision": 0.611764705882353,
      "recall": 0.6933333333333334,
      "f1": 0.65,
      "auc": 0.9261912211928911
    },
    "confusion_matrix": [
      [
        56854,
        33
      ],
      [
        23,
        52
      ]
    ]
  }
}