{
  "dataset": "creditcard_sparse",
  "run_id": 5,
  "seed": 500,
  "n_features": 29,
  "embedding_dim": 32,
  "timestamp": "2026-03-24T00:45:36.529218",
  "raw": {
    "best_params": {
      "n_estimators": 180,
      "max_depth": 10,
      "learning_rate": 0.11013694372074516,
      "reg_lambda": 0.5286339852203349,
      "gamma": 0.24668510416753264,
      "min_child_weight": 1.6430831706733238
    },
    "metrics": {
      "accuracy": 0.9995084442259752,
      "precision": 0.8983050847457628,
      "recall": 0.7066666666666667,
      "f1": 0.7910447761194029,
      "auc": 0.9612930898096227
    },
    "confusion_matrix": [
      [
        56881,
        6
      ],
      [
        22,
        53
      ]
    ]
  },
  "embedded": {
    "best_params": {
      "n_estimators": 173,
      "max_depth": 10,
      "learning_rate": 0.09848120622230189,
      "reg_lambda": 0.6899127151007276,
      "gamma": 0.8153043155562238,
      "min_child_weight": 1.9557037423004224
    },
    "metrics": {
      "accuracy": 0.9992099996488887,
      "precision": 0.6973684210526315,
      "recall": 0.7066666666666667,
      "f1": 0.7019867549668874,
      "auc": 0.9244979227825924
    },
    "confusion_matrix": [
      [
        56864,
        23
      ],
      [
        22,
        53
      ]
    ]
  }
}