{
  "dataset": "creditcard_sparse",
  "run_id": 7,
  "seed": 700,
  "n_features": 29,
  "embedding_dim": 32,
  "timestamp": "2026-03-24T00:59:03.533955",
  "raw": {
    "best_params": {
      "n_estimators": 194,
      "max_depth": 4,
      "learning_rate": 0.2693071444516282,
      "reg_lambda": 0.2630583481453272,
      "gamma": 0.6820936730198072,
      "min_child_weight": 1.8105856966279952
    },
    "metrics": {
      "accuracy": 0.9994557775359011,
      "precision": 0.8666666666666667,
      "recall": 0.6933333333333334,
      "f1": 0.7703703703703704,
      "auc": 0.962557819302594
    },
    "confusion_matrix": [
      [
        56879,
        8
      ],
      [
        23,
        52
      ]
    ]
  },
  "embedded": {
    "best_params": {
      "n_estimators": 200,
      "max_depth": 8,
      "learning_rate": 0.11020216365436446,
      "reg_lambda": 1.5200532778709983,
      "gamma": 0.27311032650192324,
      "min_child_weight": 0.2870111795525005
    },
    "metrics": {
      "accuracy": 0.9982268881008391,
      "precision": 0.4015151515151515,
      "recall": 0.7066666666666667,
      "f1": 0.5120772946859904,
      "auc": 0.9276455663566954
    },
    "confusion_matrix": [
      [
        56808,
        79
      ],
      [
        22,
        53
      ]
    ]
  }
}