{
  "dataset": "creditcard",
  "run_id": 4,
  "seed": 400,
  "n_features": 29,
  "embedding_dim": 32,
  "timestamp": "2026-03-23T23:27:02.719756",
  "raw": {
    "best_params": {
      "n_estimators": 74,
      "max_depth": 9,
      "learning_rate": 0.11636929479149312,
      "reg_lambda": 4.486106165936073,
      "gamma": 0.21057344701395997,
      "min_child_weight": 1.8565341280565673
    },
    "metrics": {
      "accuracy": 0.9995435553526912,
      "precision": 0.9016393442622951,
      "recall": 0.7333333333333333,
      "f1": 0.8088235294117647,
      "auc": 0.9854244379207904
    },
    "confusion_matrix": [
      [
        56881,
        6
      ],
      [
        20,
        55
      ]
    ]
  },
  "embedded": {
    "best_params": {
      "n_estimators": 191,
      "max_depth": 9,
      "learning_rate": 0.09933013919735162,
      "reg_lambda": 0.16088610427152727,
      "gamma": 0.1507205030783758,
      "min_child_weight": 1.2081263825636053
    },
    "metrics": {
      "accuracy": 0.999420666409185,
      "precision": 0.7916666666666666,
      "recall": 0.76,
      "f1": 0.7755102040816326,
      "auc": 0.9498918909416914
    },
    "confusion_matrix": [
      [
        56872,
        15
      ],
      [
        18,
        57
      ]
    ]
  }
}