{
  "dataset": "santander",
  "run_id": 9,
  "seed": 900,
  "n_features": 200,
  "embedding_dim": 32,
  "timestamp": "2026-03-24T02:14:41.889149",
  "raw": {
    "best_params": {
      "n_estimators": 187,
      "max_depth": 5,
      "learning_rate": 0.15982136739552752,
      "reg_lambda": 1.5699283261041042,
      "gamma": 1.2533346847714448,
      "min_child_weight": 0.5273646825811562
    },
    "metrics": {
      "accuracy": 0.85735,
      "precision": 0.3860228367038107,
      "recall": 0.6930106199061496,
      "f1": 0.4958473228485598,
      "auc": 0.878123487816651
    },
    "confusion_matrix": [
      [
        31488,
        4463
      ],
      [
        1243,
        2806
      ]
    ]
  },
  "embedded": {
    "best_params": {
      "n_estimators": 99,
      "max_depth": 8,
      "learning_rate": 0.06342093341482917,
      "reg_lambda": 4.170562609678833,
      "gamma": 0.2262741442208077,
      "min_child_weight": 1.738946073573609
    },
    "metrics": {
      "accuracy": 0.816725,
      "precision": 0.31717914438502676,
      "recall": 0.7031365769325759,
      "f1": 0.4371593090211132,
      "auc": 0.8493225964741848
    },
    "confusion_matrix": [
      [
        29822,
        6129
      ],
      [
        1202,
        2847
      ]
    ]
  }
}