{
  "dataset": "santander",
  "run_id": 1,
  "seed": 100,
  "n_features": 200,
  "embedding_dim": 32,
  "timestamp": "2026-03-24T01:25:28.960595",
  "raw": {
    "best_params": {
      "n_estimators": 193,
      "max_depth": 4,
      "learning_rate": 0.2853676075259031,
      "reg_lambda": 1.5564919324141826,
      "gamma": 0.03979428004189228,
      "min_child_weight": 0.1923954091119406
    },
    "metrics": {
      "accuracy": 0.8511,
      "precision": 0.3776779987171264,
      "recall": 0.7270931094097308,
      "f1": 0.497129348193178,
      "auc": 0.8825975256695092
    },
    "confusion_matrix": [
      [
        31100,
        4851
      ],
      [
        1105,
        2944
      ]
    ]
  },
  "embedded": {
    "best_params": {
      "n_estimators": 195,
      "max_depth": 10,
      "learning_rate": 0.07558749511264314,
      "reg_lambda": 6.168975912730018,
      "gamma": 1.9984455695748535,
      "min_child_weight": 3.8110646131440995
    },
    "metrics": {
      "accuracy": 0.857625,
      "precision": 0.3745044220799024,
      "recall": 0.6065695233390961,
      "f1": 0.4630904119920807,
      "auc": 0.8431986289562824
    },
    "confusion_matrix": [
      [
        31849,
        4102
      ],
      [
        1593,
        2456
      ]
    ]
  }
}