{
  "dataset": "santander",
  "run_id": 5,
  "seed": 500,
  "n_features": 200,
  "embedding_dim": 32,
  "timestamp": "2026-03-24T01:50:33.559378",
  "raw": {
    "best_params": {
      "n_estimators": 170,
      "max_depth": 8,
      "learning_rate": 0.07931279974745173,
      "reg_lambda": 3.8653569205990124,
      "gamma": 0.6077906656129833,
      "min_child_weight": 0.2840793365604813
    },
    "metrics": {
      "accuracy": 0.896825,
      "precision": 0.4907539118065434,
      "recall": 0.511237342553717,
      "f1": 0.500786258618604,
      "auc": 0.8644800960149932
    },
    "confusion_matrix": [
      [
        33803,
        2148
      ],
      [
        1979,
        2070
      ]
    ]
  },
  "embedded": {
    "best_params": {
      "n_estimators": 83,
      "max_depth": 10,
      "learning_rate": 0.06672805691192542,
      "reg_lambda": 0.12471164595540755,
      "gamma": 1.5656558481199858,
      "min_child_weight": 0.32945924178497954
    },
    "metrics": {
      "accuracy": 0.8342,
      "precision": 0.33457153836300757,
      "recall": 0.64509755495184,
      "f1": 0.4406207827260459,
      "auc": 0.8426304555652604
    },
    "confusion_matrix": [
      [
        30756,
        5195
      ],
      [
        1437,
        2612
      ]
    ]
  }
}