{
  "dataset": "card_transdata",
  "generated_at": "2026-01-13T18:33:52.910274",
  "frozen": {
    "n_components": [
      7,
      6,
      5,
      4,
      3,
      2
    ],
    "explained_variance": [
      1.0,
      0.8775342834777657,
      0.7351086623538825,
      0.5925646911100725,
      0.4496401570308275,
      0.30656781652216736
    ],
    "train_f1": [
      0.9683800389629852,
      0.9783720841446187,
      0.9751427028694847,
      0.9557508538972254,
      0.8804688789829949,
      0.4716179287944062
    ],
    "train_f2": [
      0.9793765605877471,
      0.978383290000649,
      0.9692103639019117,
      0.9527781072219693,
      0.901585763070993,
      0.4663363899316881
    ],
    "train_auc": [
      0.9997562769765131,
      0.9998271674963782,
      0.9997785565175448,
      0.9993849558243563,
      0.9954634779556294,
      0.8822160761014023
    ],
    "train_accuracy": [
      0.9943733333333333,
      0.9962233333333333,
      0.9957033333333334,
      0.9923133333333334,
      0.97828,
      0.909445
    ],
    "train_precision": [
      0.9505911773899932,
      0.9783534082883159,
      0.9851929783544723,
      0.9607468703585826,
      0.8473897000406067,
      0.48069145983665057
    ],
    "train_recall": [
      0.9868473799751837,
      0.9783907607139448,
      0.9652954089911234,
      0.9508065285864274,
      0.9162355636155388,
      0.4628805955903407
    ],
    "val_f1": [
      0.9686660698299016,
      0.9771114214861899,
      0.9728903501182442,
      0.9541173768232457,
      0.8805272225108699,
      0.4667443214909726
    ],
    "val_f2": [
      0.9792519854288753,
      0.9768274195570652,
      0.9657711511153864,
      0.9496673449324402,
      0.9022741792667481,
      0.4606276583515347
    ],
    "val_auc": [
      0.9997397065425565,
      0.9997979896923717,
      0.9997412205974553,
      0.9993372691577679,
      0.9954349908143276,
      0.8794145938589896
    ],
    "val_accuracy": [
      0.9944,
      0.995985,
      0.9953,
      0.99201,
      0.978155,
      0.90844
    ],
    "val_precision": [
      0.9515224799384412,
      0.9775851251924942,
      0.9849918243401075,
      0.9616275031832388,
      0.8465218991534781,
      0.47730792138177486
    ],
    "val_recall": [
      0.9864387464387464,
      0.9766381766381766,
      0.9610826210826211,
      0.9467236467236467,
      0.9173789173789174,
      0.45663817663817663
    ],
    "test_f1": [
      0.9668714409941372,
      0.9761687049948565,
      0.9737039819684448,
      0.9555242503521836,
      0.8814621409921671,
      0.4649145784219564
    ],
    "test_f2": [
      0.9786151522378568,
      0.9771739130434782,
      0.9681645787840478,
      0.9530090495142625,
      0.903039790965097,
      0.46027684612104236
    ],
    "test_auc": [
      0.999723003891006,
      0.9998063253854286,
      0.9997628529536615,
      0.9994063583449463,
      0.9955439268479807,
      0.8790523778331409
    ],
    "test_accuracy": [
      0.994095,
      0.99583,
      0.99545,
      0.992265,
      0.978435,
      0.908075
    ],
    "test_precision": [
      0.9479126560695231,
      0.9744979461433135,
      0.9830785389193605,
      0.9597458850707479,
      0.8477031241740234,
      0.4728553667633651
    ],
    "test_recall": [
      0.986604076024731,
      0.9778452026562858,
      0.9645065262193726,
      0.9513395923975269,
      0.9180215250744218,
      0.4572360888481795
    ],
    "threshold": [
      0.4382379949092865,
      0.4679160416126251,
      0.48669150471687317,
      0.5401932001113892,
      0.4930136799812317,
      0.22002491354942322
    ],
    "training_time": [
      1.8168625831604004,
      2.2668304443359375,
      1.909026861190796,
      1.7388126850128174,
      1.9505388736724854,
      1.6736624240875244
    ],
    "efficiency_score": [
      1.0,
      0.6989690866386464,
      0.6925247413133367,
      0.6945716283245142,
      0.6459412080735148,
      -4.365556458164095
    ],
    "acceptable": [
      true,
      true,
      true,
      true,
      true,
      false
    ]
  },
  "tuned": {
    "n_components": [
      7,
      6,
      5,
      4,
      3,
      2
    ],
    "explained_variance": [
      1.0,
      0.8775342834777657,
      0.7351086623538825,
      0.5925646911100725,
      0.4496401570308275,
      0.30656781652216736
    ],
    "train_f1": [
      0.9928087784473455,
      0.9917728237791932,
      0.991174319073541,
      0.9868533217147512,
      0.9392285703678954,
      0.4984312621824739
    ],
    "train_f2": [
      0.9924732496773159,
      0.9959300842537282,
      0.9939561612096823,
      0.9914057236814561,
      0.9550665715375062,
      0.4723381221057955
    ],
    "train_auc": [
      0.9999845436989138,
      0.9999858203657072,
      0.9999801701037933,
      0.9999499790004114,
      0.9989875009210569,
      0.8965796831390824
    ],
    "train_accuracy": [
      0.998745,
      0.9985533333333333,
      0.9984516666666666,
      0.9976866666666667,
      0.9890866666666667,
      0.9198016666666666
    ],
    "train_precision": [
      0.9933684974964645,
      0.9849206498616314,
      0.9865723579695892,
      0.9793581862275111,
      0.9139678124379098,
      0.5489759368111683
    ],
    "train_recall": [
      0.9922496897966975,
      0.9987210079221152,
      0.9958194139543762,
      0.9944640641404983,
      0.9659253603130667,
      0.45640927746492316
    ],
    "val_f1": [
      0.9929886564441658,
      0.9892248083939026,
      0.987634012139089,
      0.9819641544637304,
      0.9254003817110613,
      0.48652194283929406
    ],
    "val_f2": [
      0.9927509802133674,
      0.9935915644990854,
      0.9902966737953315,
      0.9865491229664637,
      0.9418600722948549,
      0.45993031358885017
    ],
    "val_auc": [
      0.9999788956737162,
      0.9999655935084271,
      0.9999573895669813,
      0.999902440117458,
      0.9984339138303511,
      0.8920721152967794
    ],
    "val_accuracy": [
      0.99877,
      0.998095,
      0.99782,
      0.99681,
      0.986515,
      0.917805
    ],
    "val_precision": [
      0.9933850364963503,
      0.9820315570778819,
      0.9832279195843686,
      0.9744165170556554,
      0.8992098048701822,
      0.538403041825095
    ],
    "val_recall": [
      0.9925925925925926,
      0.9965242165242165,
      0.992079772079772,
      0.9896296296296296,
      0.9531623931623932,
      0.4437606837606838
    ],
    "test_f1": [
      0.9925608011444921,
      0.989176443851027,
      0.9873814339020708,
      0.9811320754716981,
      0.9260916696778497,
      0.4852059925093633
    ],
    "test_f2": [
      0.9927994138791584,
      0.9936647451629473,
      0.9902755082218235,
      0.9863204371983708,
      0.9424536947986558,
      0.4602458433991758
    ],
    "test_auc": [
      0.9999778051784312,
      0.9999674428383086,
      0.9999580444404488,
      0.9999063765392584,
      0.9984302514662449,
      0.8907544316341499
    ],
    "test_accuracy": [
      0.9987,
      0.998095,
      0.997785,
      0.996675,
      0.986705,
      0.91753
    ],
    "test_precision": [
      0.9921633680356938,
      0.981785371905487,
      0.9825953852259198,
      0.9726050514710018,
      0.9000486249932466,
      0.5334202580290969
    ],
    "test_recall": [
      0.9929585527822303,
      0.9966796427753607,
      0.9922143347836043,
      0.9898099381726586,
      0.9536867414701168,
      0.44498511564002746
    ],
    "threshold": [
      0.560215413570404,
      0.39301660656929016,
      0.4873709976673126,
      0.47800004482269287,
      0.45039424300193787,
      0.24501654505729675
    ],
    "training_time": [
      1.7312343120574951,
      2.908393383026123,
      1.1158275604248047,
      1.5206165313720703,
      2.737241506576538,
      0.9127416610717773
    ],
    "best_params": [
      {
        "n_estimators": 143,
        "max_depth": 6,