{
  "dataset": "card_transdata",
  "generated_at": "2026-01-07T16:25:56.922935",
  "frozen": {
    "n_components": [
      7,
      6,
      5,
      4,
      3,
      2
    ],
    "explained_variance": [
      1.0,
      0.8775342834777657,
      0.7351086623538825,
      0.5925646911100725,
      0.4496401570308275,
      0.30656781652216736
    ],
    "train_f1": [
      0.9683800389629852,
      0.9783720841446187,
      0.9751427028694847,
      0.9557508538972254,
      0.8804688789829949,
      0.4716179287944062
    ],
    "train_auc": [
      0.9997562769765131,
      0.9998271674963782,
      0.9997785565175448,
      0.9993849558243563,
      0.9954634779556294,
      0.8822160761014023
    ],
    "train_accuracy": [
      0.9943733333333333,
      0.9962233333333333,
      0.9957033333333334,
      0.9923133333333334,
      0.97828,
      0.909445
    ],
    "train_precision": [
      0.9505911773899932,
      0.9783534082883159,
      0.9851929783544723,
      0.9607468703585826,
      0.8473897000406067,
      0.48069145983665057
    ],
    "train_recall": [
      0.9868473799751837,
      0.9783907607139448,
      0.9652954089911234,
      0.9508065285864274,
      0.9162355636155388,
      0.4628805955903407
    ],
    "val_f1": [
      0.9686660698299016,
      0.9771114214861899,
      0.9728903501182442,
      0.9541173768232457,
      0.8805272225108699,
      0.4667443214909726
    ],
    "val_auc": [
      0.9997397065425565,
      0.9997979896923717,
      0.9997412205974553,
      0.9993372691577679,
      0.9954349908143276,
      0.8794145938589896
    ],
    "val_accuracy": [
      0.9944,
      0.995985,
      0.9953,
      0.99201,
      0.978155,
      0.90844
    ],
    "val_precision": [
      0.9515224799384412,
      0.9775851251924942,
      0.9849918243401075,
      0.9616275031832388,
      0.8465218991534781,
      0.47730792138177486
    ],
    "val_recall": [
      0.9864387464387464,
      0.9766381766381766,
      0.9610826210826211,
      0.9467236467236467,
      0.9173789173789174,
      0.45663817663817663
    ],
    "test_f1": [
      0.9668714409941372,
      0.9761687049948565,
      0.9737039819684448,
      0.9555242503521836,
      0.8814621409921671,
      0.4649145784219564
    ],
    "test_auc": [
      0.999723003891006,
      0.9998063253854286,
      0.9997628529536615,
      0.9994063583449463,
      0.9955439268479807,
      0.8790523778331409
    ],
    "test_accuracy": [
      0.994095,
      0.99583,
      0.99545,
      0.992265,
      0.978435,
      0.908075
    ],
    "test_precision": [
      0.9479126560695231,
      0.9744979461433135,
      0.9830785389193605,
      0.9597458850707479,
      0.8477031241740234,
      0.4728553667633651
    ],
    "test_recall": [
      0.986604076024731,
      0.9778452026562858,
      0.9645065262193726,
      0.9513395923975269,
      0.9180215250744218,
      0.4572360888481795
    ],
    "threshold": [
      0.4382379949092865,
      0.4679160416126251,
      0.48669150471687317,
      0.5401932001113892,
      0.4930136799812317,
      0.22002491354942322
    ]
  },
  "tuned": {
    "n_components": [
      7,
      6,
      5,
      4,
      3,
      2
    ],
    "explained_variance": [
      1.0,
      0.8775342834777657,
      0.7351086623538825,
      0.5925646911100725,
      0.4496401570308275,
      0.30656781652216736
    ],
    "train_f1": [
      0.9885166646087212,
      0.9904239987864077,
      0.9906007355946056,
      0.9875549325655403,
      0.926915299310243,
      0.49504103788834775
    ],
    "train_auc": [
      0.9999471251105945,
      0.9999762725636666,
      0.9999771916793985,
      0.9999580779833802,
      0.998389128117044,
      0.8945624675644179
    ],
    "train_accuracy": [
      0.997985,
      0.9983166666666666,
      0.9983516666666666,
      0.99781,
      0.9868083333333333,
      0.9193016666666667
    ],
    "train_precision": [
      0.9837233921887406,
      0.98387552508147,
      0.9863729275493981,
      0.9799996240530837,
      0.8976642701291269,
      0.5455841110753529
    ],
    "train_recall": [
      0.9933568769685979,
      0.9970602271642646,
      0.9948649422544622,
      0.9952276415004295,
      0.9581368712417677,
      0.45306862651522384
    ],
    "val_f1": [
      0.9884881478961098,
      0.988931978373482,
      0.9874106839060905,
      0.9823896882155072,
      0.9228054697838554,
      0.486346147830711
    ],
    "val_auc": [
      0.9999404009528428,
      0.9999621192708614,
      0.9999556417517502,
      0.9999127277582197,
      0.998191822136026,
      0.8919633549058049
    ],
    "val_accuracy": [
      0.99797,
      0.998045,
      0.99778,
      0.996885,
      0.986,
      0.917895
    ],
    "val_precision": [
      0.9838017834970086,
      0.9826179895370423,
      0.9827294277006434,
      0.974757390475122,
      0.8939215895737634,
      0.5391497329911922
    ],
    "val_recall": [
      0.9932193732193733,
      0.9953276353276354,
      0.9921367521367521,
      0.9901424501424502,
      0.9536182336182336,
      0.44296296296296295
    ],
    "test_f1": [
      0.9887570090797826,
      0.9888017280582083,
      0.9871469691356265,
      0.981495146733269,
      0.923668557200166,
      0.4855411904315783
    ],
    "test_auc": [
      0.9999408455903385,
      0.9999648350036197,
      0.9999567546364609,
      0.9999165604238265,
      0.9982188692934613,
      0.8904241772054802
    ],
    "test_accuracy": [
      0.998025,
      0.99803,
      0.997745,
      0.99674,
      0.986205,
      0.91763
    ],
    "test_precision": [
      0.9832437022360601,
      0.9818807857304132,
      0.9828613586062085,
      0.9732635370933244,
      0.8937730898966644,
      0.534148687646008
    ],
    "test_recall": [
      0.9943324937027708,
      0.9958209297000229,
      0.9914701167849782,
      0.9898671857110144,
      0.9556331577742158,
      0.4450423631783833
    ],
    "threshold": [
      0.43229031562805176,
      0.43612900376319885,
      0.4820787012577057,
      0.47317588329315186,
      0.4989738166332245,
      0.21386656165122986
    ],
    "best_params": [
      {
        "n_estimators": 64,
        "max_depth": 5,
        "learning_rate": 0.08691794171133542,
        "reg_lambda": 4.033096440938303,
        "gamma": 0.07304124397412415,
        "min_child_weight": 1.7104223726270704,
        "objective": "binary:logistic",
        "eval_metric": "logloss",
        "max_bin": 256,
        "tree_method": "hist",
        "random_state": 42,
        "n_jobs": 1,
        "early_stopping_rounds": 10
      },
      {
        "n_estimators": 87,
        "max_depth": 5,
        "learning_rate": 0.18276537189518838,
        "reg_lambda": 0.3249432290685754,
        "gamma": 0.5150231508183063,
        "min_child_weight": 1.2043026778970607,
        "objective": "binary:logistic",
        "eval_metric": "logloss",
        "max_bin": 256,
        "tree_method": "hist",
        "random_state": 42,
        "n_jobs": 1,
        "early_stopping_rounds": 10
      },
      {
        "n_estimators": 119,
        "max_depth": 10,
        "learning_rate": 0.10848756491676198,
        "reg_lambda": 0.6767304657320565,
        "gamma": 1.7082359539931313,
        "min_child_weight": 2.7393634701843586,
        "objective": "binary:logistic",
        "eval_metric": "logloss",
        "max_bin": 256,
        "tree_method": "hist",
        "random_state": 42,
        "n_jobs": 1,
        "early_stopping_rounds": 10
      },
      {
        "n_estimators": 127,
        "max_depth": 9,
        "learning_rate": 0.1293125864670555,
        "reg_lambda": 1.0503428047685246,
        "gamma": 0.33622099622933876,
        "min_child_weight": 0.6046068527787481,
        "objective": "binary:logistic",
        "eval_metric": "logloss",
        "max_bin": 256,
        "tree_method": "hist",
        "random_state": 42,
        "n_jobs": 1,