{
  "dataset": "creditcard",
  "run_id": 4,
  "seed": 400,
  "config": {
    "emb_dim": 16,
    "hidden_dim": 64,
    "n_layers": 2,
    "loss": "mse",
    "lr": 0.001,
    "activation": "relu"
  },
  "n_features": 29,
  "embedding_dim": 16,
  "timestamp": "2026-03-24T19:48:46.016407",
  "raw": {
    "best_params": {
      "n_estimators": 114,
      "max_depth": 9,
      "learning_rate": 0.1284029895553524,
      "reg_lambda": 1.8094358373631914,
      "gamma": 1.059696833074954,
      "min_child_weight": 1.8753789951377613
    },
    "metrics": {
      "accuracy": 0.9995435553526912,
      "precision": 0.9016393442622951,
      "recall": 0.7333333333333333,
      "f1": 0.8088235294117647,
      "auc": 0.9870723832627255
    },
    "confusion_matrix": [
      [
        56881,
        6
      ],
      [
        20,
        55
      ]
    ]
  },
  "embedded": {
    "best_params": {
      "n_estimators": 68,
      "max_depth": 3,
      "learning_rate": 0.03622761398533033,
      "reg_lambda": 0.43081864830161865,
      "gamma": 1.995567302234025,
      "min_child_weight": 0.6134955684136183
    },
    "metrics": {
      "accuracy": 0.9967873319054809,
      "precision": 0.25229357798165136,
      "recall": 0.7333333333333333,
      "f1": 0.37542662116040953,
      "auc": 0.9306525802614539
    },
    "confusion_matrix": [
      [
        56724,
        163
      ],
      [
        20,
        55
      ]
    ]
  }
}