{
  "dataset": "creditcard",
  "run_id": 8,
  "seed": 800,
  "config": {
    "emb_dim": 16,
    "hidden_dim": 64,
    "n_layers": 2,
    "loss": "mse",
    "lr": 0.001,
    "activation": "relu"
  },
  "n_features": 29,
  "embedding_dim": 16,
  "timestamp": "2026-03-24T20:20:24.600696",
  "raw": {
    "best_params": {
      "n_estimators": 86,
      "max_depth": 5,
      "learning_rate": 0.2555860912688205,
      "reg_lambda": 1.8318835385034746,
      "gamma": 0.3837537603981816,
      "min_child_weight": 1.7797375015302372
    },
    "metrics": {
      "accuracy": 0.9994908886626171,
      "precision": 0.8382352941176471,
      "recall": 0.76,
      "f1": 0.7972027972027972,
      "auc": 0.9900084963758562
    },
    "confusion_matrix": [
      [
        56876,
        11
      ],
      [
        18,
        57
      ]
    ]
  },
  "embedded": {
    "best_params": {
      "n_estimators": 189,
      "max_depth": 5,
      "learning_rate": 0.08507587098508002,
      "reg_lambda": 0.11215506998626362,
      "gamma": 1.2184098465181776,
      "min_child_weight": 0.11117431840238541
    },
    "metrics": {
      "accuracy": 0.998139110284049,
      "precision": 0.3900709219858156,
      "recall": 0.7333333333333333,
      "f1": 0.5092592592592593,
      "auc": 0.9374794475597823
    },
    "confusion_matrix": [
      [
        56801,
        86
      ],
      [
        20,
        55
      ]
    ]
  }
}