{
  "dataset": "creditcard_sparse",
  "run_id": 1,
  "seed": 100,
  "config": {
    "emb_dim": 16,
    "hidden_dim": 64,
    "n_layers": 2,
    "loss": "mse",
    "lr": 0.001,
    "activation": "relu"
  },
  "n_features": 29,
  "embedding_dim": 16,
  "timestamp": "2026-03-24T20:42:37.586870",
  "raw": {
    "best_params": {
      "n_estimators": 105,
      "max_depth": 7,
      "learning_rate": 0.15730515465474113,
      "reg_lambda": 9.547482094037411,
      "gamma": 0.0020967130288158664,
      "min_child_weight": 0.8736290319661525
    },
    "metrics": {
      "accuracy": 0.9994382219725431,
      "precision": 0.8307692307692308,
      "recall": 0.72,
      "f1": 0.7714285714285715,
      "auc": 0.9646112468578057
    },
    "confusion_matrix": [
      [
        56876,
        11
      ],
      [
        21,
        54
      ]
    ]
  },
  "embedded": {
    "best_params": {
      "n_estimators": 133,
      "max_depth": 9,
      "learning_rate": 0.13965754656724833,
      "reg_lambda": 0.4904763923537195,
      "gamma": 0.09630999467423429,
      "min_child_weight": 0.213846992386434
    },
    "metrics": {
      "accuracy": 0.9992451107756047,
      "precision": 0.7285714285714285,
      "recall": 0.68,
      "f1": 0.7034482758620689,
      "auc": 0.9271811368736853
    },
    "confusion_matrix": [
      [
        56868,
        19
      ],
      [
        24,
        51
      ]
    ]
  }
}