{
  "dataset": "creditcard_sparse",
  "run_id": 4,
  "seed": 400,
  "config": {
    "emb_dim": 16,
    "hidden_dim": 64,
    "n_layers": 2,
    "loss": "mse",
    "lr": 0.001,
    "activation": "relu"
  },
  "n_features": 29,
  "embedding_dim": 16,
  "timestamp": "2026-03-24T21:02:54.609568",
  "raw": {
    "best_params": {
      "n_estimators": 162,
      "max_depth": 8,
      "learning_rate": 0.0902018855080583,
      "reg_lambda": 0.2044918003547979,
      "gamma": 1.4773036871656406,
      "min_child_weight": 0.17006946043429727
    },
    "metrics": {
      "accuracy": 0.9994908886626171,
      "precision": 0.8833333333333333,
      "recall": 0.7066666666666667,
      "f1": 0.7851851851851852,
      "auc": 0.9498390376242962
    },
    "confusion_matrix": [
      [
        56880,
        7
      ],
      [
        22,
        53
      ]
    ]
  },
  "embedded": {
    "best_params": {
      "n_estimators": 197,
      "max_depth": 7,
      "learning_rate": 0.10207724286068103,
      "reg_lambda": 9.456373365959099,
      "gamma": 0.03740002226595432,
      "min_child_weight": 0.9083120595892986
    },
    "metrics": {
      "accuracy": 0.9988764439450862,
      "precision": 0.5617977528089888,
      "recall": 0.6666666666666666,
      "f1": 0.6097560975609756,
      "auc": 0.9465037706330094
    },
    "confusion_matrix": [
      [
        56848,
        39
      ],
      [
        25,
        50
      ]
    ]
  }
}