{
  "dataset": "creditcard_sparse",
  "run_id": 10,
  "seed": 1000,
  "config": {
    "emb_dim": 16,
    "hidden_dim": 64,
    "n_layers": 2,
    "loss": "mse",
    "lr": 0.001,
    "activation": "relu"
  },
  "n_features": 29,
  "embedding_dim": 16,
  "timestamp": "2026-03-24T21:44:54.802524",
  "raw": {
    "best_params": {
      "n_estimators": 97,
      "max_depth": 6,
      "learning_rate": 0.2167234789911502,
      "reg_lambda": 0.10589707569582744,
      "gamma": 0.4235356974957104,
      "min_child_weight": 0.2685802284600447
    },
    "metrics": {
      "accuracy": 0.9994557775359011,
      "precision": 0.8548387096774194,
      "recall": 0.7066666666666667,
      "f1": 0.7737226277372263,
      "auc": 0.9497881765605499
    },
    "confusion_matrix": [
      [
        56878,
        9
      ],
      [
        22,
        53
      ]
    ]
  },
  "embedded": {
    "best_params": {
      "n_estimators": 99,
      "max_depth": 6,
      "learning_rate": 0.2602147739862138,
      "reg_lambda": 0.10132724646961268,
      "gamma": 1.5561016914898815,
      "min_child_weight": 0.49365502607188627
    },
    "metrics": {
      "accuracy": 0.9994733330992591,
      "precision": 0.8813559322033898,
      "recall": 0.6933333333333334,
      "f1": 0.7761194029850746,
      "auc": 0.9378810624571519
    },
    "confusion_matrix": [
      [
        56880,
        7
      ],
      [
        23,
        52
      ]
    ]
  }
}