{
  "dataset": "creditcard",
  "run_id": 2,
  "seed": 200,
  "config": {
    "emb_dim": 16,
    "hidden_dim": 64,
    "n_layers": 2,
    "loss": "mse",
    "lr": 0.001,
    "activation": "relu"
  },
  "n_features": 29,
  "embedding_dim": 16,
  "timestamp": "2026-03-24T19:33:39.857064",
  "raw": {
    "best_params": {
      "n_estimators": 154,
      "max_depth": 9,
      "learning_rate": 0.1616371986708114,
      "reg_lambda": 0.4712206843931511,
      "gamma": 0.6377180508782996,
      "min_child_weight": 0.23756506158153234
    },
    "metrics": {
      "accuracy": 0.9995084442259752,
      "precision": 0.8852459016393442,
      "recall": 0.72,
      "f1": 0.7941176470588235,
      "auc": 0.9844114355359456
    },
    "confusion_matrix": [
      [
        56880,
        7
      ],
      [
        21,
        54
      ]
    ]
  },
  "embedded": {
    "best_params": {
      "n_estimators": 178,
      "max_depth": 9,
      "learning_rate": 0.140344871550651,
      "reg_lambda": 0.17561692154782124,
      "gamma": 0.3665775676233656,
      "min_child_weight": 0.12132763297237154
    },
    "metrics": {
      "accuracy": 0.9993153330290369,
      "precision": 0.7432432432432432,
      "recall": 0.7333333333333333,
      "f1": 0.738255033557047,
      "auc": 0.9468915569462268
    },
    "confusion_matrix": [
      [
        56868,
        19
      ],
      [
        20,
        55
      ]
    ]
  }
}