{
  "dataset": "santander",
  "run_id": 9,
  "seed": 900,
  "config": {
    "emb_dim": 16,
    "hidden_dim": 64,
    "n_layers": 2,
    "loss": "mse",
    "lr": 0.001,
    "activation": "relu"
  },
  "n_features": 200,
  "embedding_dim": 16,
  "timestamp": "2026-03-24T22:45:49.926181",
  "raw": {
    "best_params": {
      "n_estimators": 178,
      "max_depth": 6,
      "learning_rate": 0.150901838241278,
      "reg_lambda": 0.5525448567008334,
      "gamma": 1.7131298360297158,
      "min_child_weight": 0.11262189485703455
    },
    "metrics": {
      "accuracy": 0.8778,
      "precision": 0.4300016686133823,
      "recall": 0.6364534452951346,
      "f1": 0.5132443736307508,
      "auc": 0.8746570850163574
    },
    "confusion_matrix": [
      [
        32535,
        3416
      ],
      [
        1472,
        2577
      ]
    ]
  },
  "embedded": {
    "best_params": {
      "n_estimators": 135,
      "max_depth": 9,
      "learning_rate": 0.13898811488146917,
      "reg_lambda": 0.18630492669001358,
      "gamma": 0.1556346260112652,
      "min_child_weight": 0.11742477259431991
    },
    "metrics": {
      "accuracy": 0.852075,
      "precision": 0.36068019093078757,
      "recall": 0.5971844899975303,
      "f1": 0.4497349576862271,
      "auc": 0.8353138882765838
    },
    "confusion_matrix": [
      [
        31665,
        4286
      ],
      [
        1631,
        2418
      ]
    ]
  }
}