{
  "dataset": "santander",
  "run_id": 3,
  "seed": 300,
  "config": {
    "emb_dim": 16,
    "hidden_dim": 64,
    "n_layers": 2,
    "loss": "mse",
    "lr": 0.001,
    "activation": "relu"
  },
  "n_features": 200,
  "embedding_dim": 16,
  "timestamp": "2026-03-24T22:05:55.927332",
  "raw": {
    "best_params": {
      "n_estimators": 153,
      "max_depth": 5,
      "learning_rate": 0.22548727653938305,
      "reg_lambda": 7.582357119012807,
      "gamma": 1.9282477355143934,
      "min_child_weight": 0.30560202928709196
    },
    "metrics": {
      "accuracy": 0.857175,
      "precision": 0.38568287991206374,
      "recall": 0.6932575944677698,
      "f1": 0.49562991083252406,
      "auc": 0.8754830734423729
    },
    "confusion_matrix": [
      [
        31480,
        4471
      ],
      [
        1242,
        2807
      ]
    ]
  },
  "embedded": {
    "best_params": {
      "n_estimators": 140,
      "max_depth": 10,
      "learning_rate": 0.08696712295141043,
      "reg_lambda": 0.11219401532099776,
      "gamma": 0.35891815181408077,
      "min_child_weight": 0.24979175380672916
    },
    "metrics": {
      "accuracy": 0.852575,
      "precision": 0.3609271523178808,
      "recall": 0.5922449987651272,
      "f1": 0.44851772187412325,
      "auc": 0.8341545930779978
    },
    "confusion_matrix": [
      [
        31705,
        4246
      ],
      [
        1651,
        2398
      ]
    ]
  }
}