{
  "dataset": "creditcard",
  "n_runs": 10,
  "raw_confusion_matrix_average": [
    [
      71103.0,
      10.0
    ],
    [
      24.4,
      69.6
    ]
  ],
  "embedded_confusion_matrix_average": [
    [
      71053.8,
      59.2
    ],
    [
      24.3,
      69.7
    ]
  ],
  "raw_metrics_average": {
    "accuracy": 0.9995169014282304,
    "precision": 0.874903408012047,
    "recall": 0.7404255319148936,
    "f1": 0.8018980588175945,
    "auc": 0.9816871470069662
  },
  "embedded_metrics_average": {
    "accuracy": 0.9988273624784082,
    "precision": 0.5845026715038119,
    "recall": 0.7414893617021276,
    "f1": 0.6446661289492318,
    "auc": 0.9731418395834499
  },
  "individual_runs": [
    {
      "run": 1,
      "raw_confusion_matrix": [
        [
          71104.0,
          9.0
        ],
        [
          24.0,
          70.0
        ]
      ],
      "embedded_confusion_matrix": [
        [
          71071.0,
          42.0
        ],
        [
          26.0,
          68.0
        ]
      ],
      "raw_metrics": {
        "accuracy": 0.9995365624166164,
        "precision": 0.8860759493670886,
        "recall": 0.7446808510638298,
        "f1": 0.8092485549132948,
        "auc": 0.9852832366587071
      },
      "embedded_metrics": {
        "accuracy": 0.9990450377069671,
        "precision": 0.6181818181818182,
        "recall": 0.723404255319149,
        "f1": 0.6666666666666666,
        "auc": 0.9733450148714468
      }
    },
    {
      "run": 2,
      "raw_confusion_matrix": [
        [
          71105.0,
          8.0
        ],
        [
          24.0,
          70.0
        ]
      ],
      "embedded_confusion_matrix": [
        [
          71060.0,
          53.0
        ],
        [
          24.0,
          70.0
        ]
      ],
      "raw_metrics": {
        "accuracy": 0.9995506059797492,
        "precision": 0.8974358974358975,
        "recall": 0.7446808510638298,
        "f1": 0.813953488372093,
        "auc": 0.9763350867109614
      },
      "embedded_metrics": {
        "accuracy": 0.9989186456387714,
        "precision": 0.5691056910569106,
        "recall": 0.7446808510638298,
        "f1": 0.6451612903225806,
        "auc": 0.9702188096798892
      }
    },
    {
      "run": 3,
      "raw_confusion_matrix": [
        [
          71102.0,
          11.0
        ],
        [
          25.0,
          69.0
        ]
      ],
      "embedded_confusion_matrix": [
        [
          70919.0,
          194.0
        ],
        [
          24.0,
          70.0
        ]
      ],
      "raw_metrics": {
        "accuracy": 0.9994944317272179,
        "precision": 0.8625,
        "recall": 0.7340425531914894,
        "f1": 0.7931034482758621,
        "auc": 0.9848425236311044
      },
      "embedded_metrics": {
        "accuracy": 0.9969385032370413,
        "precision": 0.26515151515151514,
        "recall": 0.7446808510638298,
        "f1": 0.39106145251396646,
        "auc": 0.9668740431396121
      }
    },
    {
      "run": 4,
      "raw_confusion_matrix": [
        [
          71102.0,
          11.0
        ],
        [
          24.0,
          70.0
        ]
      ],
      "embedded_confusion_matrix": [
        [
          71081.0,
          32.0
        ],
        [
          24.0,
          70.0
        ]
      ],
      "raw_metrics": {
        "accuracy": 0.9995084752903507,
        "precision": 0.8641975308641975,
        "recall": 0.7446808510638298,
        "f1": 0.8,
        "auc": 0.9767771461123755
      },
      "embedded_metrics": {
        "accuracy": 0.9992135604645611,
        "precision": 0.6862745098039216,
        "recall": 0.7446808510638298,
        "f1": 0.7142857142857143,
        "auc": 0.9780031690647579
      }
    },
    {
      "run": 5,
      "raw_confusion_matrix": [
        [
          71103.0,
          10.0
        ],
        [
          23.0,
          71.0
        ]
      ],
      "embedded_confusion_matrix": [
        [
          71074.0,
          39.0
        ],
        [
          26.0,
          68.0
        ]
      ],
      "raw_metrics": {
        "accuracy": 0.9995365624166164,
        "precision": 0.8765432098765432,
        "recall": 0.7553191489361702,
        "f1": 0.8114285714285714,
        "auc": 0.9801143579995997
      },
      "embedded_metrics": {
        "accuracy": 0.9990871683963656,
        "precision": 0.6355140186915887,
        "recall": 0.723404255319149,
        "f1": 0.6766169154228856,
        "auc": 0.9704883088378072
      }
    },
    {
      "run": 6,
      "raw_confusion_matrix": [
        [
          71104.0,
          9.0
        ],
        [
          26.0,
          68.0
        ]
      ],
      "embedded_confusion_matrix": [
        [
          71070.0,
          43.0
        ],
        [
          25.0,
          69.0
        ]
      ],
      "raw_metrics": {
        "accuracy": 0.9995084752903507,
        "precision": 0.8831168831168831,
        "recall": 0.723404255319149,
        "f1": 0.7953216374269005,
        "auc": 0.9831721225224104
      },
      "embedded_metrics": {
        "accuracy": 0.9990450377069671,
        "precision": 0.6160714285714286,
        "recall": 0.7340425531914894,
        "f1": 0.6699029126213593,
        "auc": 0.973935773780477
      }
    },
    {
      "run": 7,
      "raw_confusion_matrix": [
        [
          71099.0,
          14.0
        ],
        [
          24.0,
          70.0
        ]
      ],
      "embedded_confusion_matrix": [
        [
          71078.0,
          35.0
        ],
        [
          22.0,
          72.0
        ]
      ],
      "raw_metrics": {
        "accuracy": 0.9994663446009522,
        "precision": 0.8333333333333334,
        "recall": 0.7446808510638298,
        "f1": 0.7865168539325843,
        "auc": 0.9815153347489207
      },
      "embedded_metrics": {
        "accuracy": 0.9991995169014283,
        "precision": 0.6728971962616822,
        "recall": 0.7659574468085106,
        "f1": 0.7164179104477612,
        "auc": 0.97610044367505
      }
    },
    {
      "run": 8,
      "raw_confusion_matrix": [
        [
          71105.0,
          8.0
        ],
        [
          24.0,
          70.0
        ]
      ],
      "embedded_confusion_matrix": [
        [
          71031.0,
          82.0
        ],
        [
          21.0,
          73.0
        ]
      ],
      "raw_metrics": {
        "accuracy": 0.9995506059797492,
        "precision": 0.8974358974358975,
        "recall": 0.7446808510638298,
        "f1": 0.813953488372093,
        "auc": 0.9818876819063217
      },
      "embedded_metrics": {
        "accuracy": 0.9985535129973176,
        "precision": 0.47096774193548385,
        "recall": 0.776595744680851,
        "f1": 0.5863453815261044,
        "auc": 0.9713064553238762
      }
    },
    {
      "run": 9,
      "raw_confusion_matrix": [
        [
          71101.0,
          12.0
        ],
        [
          24.0,
          70.0
        ]
      ],
      "embedded_confusion_matrix": [
        [
          71077.0,
          36.0
        ],
        [
          24.0,
          70.0
        ]
      ],
      "raw_metrics": {
        "accuracy": 0.9994944317272179,
        "precision": 0.8536585365853658,
        "recall": 0.7446808510638298,
        "f1": 0.7954545454545454,
        "auc": 0.9851824082199413
      },
      "embedded_metrics": {
        "accuracy": 0.9991573862120298,
        "precision": 0.660377358490566,
        "recall": 0.7446808510638298,
        "f1": 0.7,
        "auc": 0.9760783033057068
      }
    },
    {
      "run": 10,
      "raw_confusion_matrix": [
        [
          71105.0,
          8.0
        ],
        [
          26.0,
          68.0
        ]
      ],
      "embedded_confusion_matrix": [
        [
          71077.0,
          36.0
        ],
        [
          27.0,
          67.0
        ]
      ],
      "raw_metrics": {
        "accuracy": 0.9995225188534835,