{
  "dataset": "creditcard",
  "run_id": 2,
  "seed": 200,
  "config": {
    "emb_dim": 32,
    "hidden_dim": 64,
    "n_layers": 3,
    "loss": "mse",
    "lr": 0.001,
    "activation": "relu"
  },
  "n_features": 29,
  "embedding_dim": 32,
  "timestamp": "2026-03-25T02:15:25.145722",
  "raw": {
    "best_params": {
      "n_estimators": 159,
      "max_depth": 8,
      "learning_rate": 0.08363501226276125,
      "reg_lambda": 2.2730504513960383,
      "gamma": 0.9502754659307382,
      "min_child_weight": 1.3524115655646933
    },
    "metrics": {
      "accuracy": 0.9995962220427653,
      "precision": 0.9193548387096774,
      "recall": 0.76,
      "f1": 0.8321167883211679,
      "auc": 0.9876311518155877
    },
    "confusion_matrix": [
      [
        56882,
        5
      ],
      [
        18,
        57
      ]
    ]
  },
  "embedded": {
    "best_params": {
      "n_estimators": 171,
      "max_depth": 5,
      "learning_rate": 0.2712005251536581,
      "reg_lambda": 4.490809820999842,
      "gamma": 0.004292145619291893,
      "min_child_weight": 0.10331290890126282
    },
    "metrics": {
      "accuracy": 0.9991397773954567,
      "precision": 0.6477272727272727,
      "recall": 0.76,
      "f1": 0.6993865030674846,
      "auc": 0.9576404685311818
    },
    "confusion_matrix": [
      [
        56856,
        31
      ],
      [
        18,
        57
      ]
    ]
  }
}