{
  "dataset": "creditcard_sparse",
  "run_id": 1,
  "seed": 100,
  "config": {
    "emb_dim": 32,
    "hidden_dim": 64,
    "n_layers": 3,
    "loss": "mse",
    "lr": 0.001,
    "activation": "relu"
  },
  "n_features": 29,
  "embedding_dim": 32,
  "timestamp": "2026-03-25T03:26:43.946845",
  "raw": {
    "best_params": {
      "n_estimators": 200,
      "max_depth": 9,
      "learning_rate": 0.09032414564142478,
      "reg_lambda": 2.93346870967656,
      "gamma": 1.3866086135022782,
      "min_child_weight": 3.150579402098091
    },
    "metrics": {
      "accuracy": 0.999420666409185,
      "precision": 0.828125,
      "recall": 0.7066666666666667,
      "f1": 0.762589928057554,
      "auc": 0.9652747845143297
    },
    "confusion_matrix": [
      [
        56876,
        11
      ],
      [
        22,
        53
      ]
    ]
  },
  "embedded": {
    "best_params": {
      "n_estimators": 149,
      "max_depth": 8,
      "learning_rate": 0.13886139345957785,
      "reg_lambda": 0.4123331106100891,
      "gamma": 0.523013576983586,
      "min_child_weight": 1.125921566040179
    },
    "metrics": {
      "accuracy": 0.9980513324672589,
      "precision": 0.3732394366197183,
      "recall": 0.7066666666666667,
      "f1": 0.48847926267281105,
      "auc": 0.9485030557655234
    },
    "confusion_matrix": [
      [
        56798,
        89
      ],
      [
        22,
        53
      ]
    ]
  }
}