{
  "dataset": "creditcard",
  "run_id": 10,
  "seed": 1000,
  "config": {
    "emb_dim": 32,
    "hidden_dim": 64,
    "n_layers": 3,
    "loss": "mse",
    "lr": 0.001,
    "activation": "relu"
  },
  "n_features": 29,
  "embedding_dim": 32,
  "timestamp": "2026-03-25T03:19:43.008043",
  "raw": {
    "best_params": {
      "n_estimators": 200,
      "max_depth": 6,
      "learning_rate": 0.2317478946015333,
      "reg_lambda": 0.11171107208854988,
      "gamma": 1.1649294705107227,
      "min_child_weight": 0.10211378684873716
    },
    "metrics": {
      "accuracy": 0.9994733330992591,
      "precision": 0.8461538461538461,
      "recall": 0.7333333333333333,
      "f1": 0.7857142857142857,
      "auc": 0.9859928161677243
    },
    "confusion_matrix": [
      [
        56877,
        10
      ],
      [
        20,
        55
      ]
    ]
  },
  "embedded": {
    "best_params": {
      "n_estimators": 111,
      "max_depth": 9,
      "learning_rate": 0.056626361478318774,
      "reg_lambda": 0.6986713785007077,
      "gamma": 1.8472433108959727,
      "min_child_weight": 0.8879588388234864
    },
    "metrics": {
      "accuracy": 0.9940837751483446,
      "precision": 0.14207650273224043,
      "recall": 0.6933333333333334,
      "f1": 0.23582766439909297,
      "auc": 0.9238534873228212
    },
    "confusion_matrix": [
      [
        56573,
        314
      ],
      [
        23,
        52
      ]
    ]
  }
}