{
  "dataset": "creditcard_sparse",
  "run_id": 5,
  "seed": 500,
  "config": {
    "emb_dim": 32,
    "hidden_dim": 64,
    "n_layers": 3,
    "loss": "mse",
    "lr": 0.001,
    "activation": "relu"
  },
  "n_features": 29,
  "embedding_dim": 32,
  "timestamp": "2026-03-25T03:56:53.554475",
  "raw": {
    "best_params": {
      "n_estimators": 134,
      "max_depth": 8,
      "learning_rate": 0.26816286534453626,
      "reg_lambda": 2.229204762402359,
      "gamma": 1.797818596277435,
      "min_child_weight": 1.5944241458346946
    },
    "metrics": {
      "accuracy": 0.9995084442259752,
      "precision": 0.873015873015873,
      "recall": 0.7333333333333333,
      "f1": 0.7971014492753623,
      "auc": 0.9632579206731473
    },
    "confusion_matrix": [
      [
        56879,
        8
      ],
      [
        20,
        55
      ]
    ]
  },
  "embedded": {
    "best_params": {
      "n_estimators": 145,
      "max_depth": 8,
      "learning_rate": 0.14435065368726685,
      "reg_lambda": 0.515826568771467,
      "gamma": 0.3326837345479542,
      "min_child_weight": 0.2841239418456508
    },
    "metrics": {
      "accuracy": 0.999385555282469,
      "precision": 0.8448275862068966,
      "recall": 0.6533333333333333,
      "f1": 0.7368421052631579,
      "auc": 0.9383723287687287
    },
    "confusion_matrix": [
      [
        56878,
        9
      ],
      [
        26,
        49
      ]
    ]
  }
}