{
  "dataset": "creditcard",
  "run_id": 1,
  "seed": 100,
  "config": {
    "emb_dim": 32,
    "hidden_dim": 64,
    "n_layers": 3,
    "loss": "mse",
    "lr": 0.001,
    "activation": "relu"
  },
  "n_features": 29,
  "embedding_dim": 32,
  "timestamp": "2026-03-25T02:06:54.990833",
  "raw": {
    "best_params": {
      "n_estimators": 148,
      "max_depth": 5,
      "learning_rate": 0.28673911589365303,
      "reg_lambda": 0.6221533572465875,
      "gamma": 0.5941572186147644,
      "min_child_weight": 0.1493946940548139
    },
    "metrics": {
      "accuracy": 0.9995435553526912,
      "precision": 0.8769230769230769,
      "recall": 0.76,
      "f1": 0.8142857142857143,
      "auc": 0.9841791621987449
    },
    "confusion_matrix": [
      [
        56879,
        8
      ],
      [
        18,
        57
      ]
    ]
  },
  "embedded": {
    "best_params": {
      "n_estimators": 169,
      "max_depth": 7,
      "learning_rate": 0.09414850048636535,
      "reg_lambda": 0.13629671813234573,
      "gamma": 0.4561784810715762,
      "min_child_weight": 0.41307502926658324
    },
    "metrics": {
      "accuracy": 0.9973666654962958,
      "precision": 0.30569948186528495,
      "recall": 0.7866666666666666,
      "f1": 0.44029850746268656,
      "auc": 0.9414023121861468
    },
    "confusion_matrix": [
      [
        56753,
        134
      ],
      [
        16,
        59
      ]
    ]
  }
}