{
  "dataset": "creditcard_sparse",
  "run_id": 8,
  "seed": 800,
  "config": {
    "emb_dim": 32,
    "hidden_dim": 64,
    "n_layers": 2,
    "loss": "bce",
    "lr": 0.001,
    "activation": "relu"
  },
  "n_features": 29,
  "embedding_dim": 32,
  "timestamp": "2026-03-25T07:26:51.210023",
  "raw": {
    "best_params": {
      "n_estimators": 168,
      "max_depth": 5,
      "learning_rate": 0.26484313684053723,
      "reg_lambda": 2.8593977924314706,
      "gamma": 0.004790159453074705,
      "min_child_weight": 0.265328213953291
    },
    "metrics": {
      "accuracy": 0.9995259997893332,
      "precision": 0.9137931034482759,
      "recall": 0.7066666666666667,
      "f1": 0.7969924812030075,
      "auc": 0.9553473845811287
    },
    "confusion_matrix": [
      [
        56882,
        5
      ],
      [
        22,
        53
      ]
    ]
  },
  "embedded": {
    "best_params": {
      "n_estimators": 116,
      "max_depth": 5,
      "learning_rate": 0.25561631072929614,
      "reg_lambda": 1.8747401052195412,
      "gamma": 0.8789070890247308,
      "min_child_weight": 1.6549109599234881
    },
    "metrics": {
      "accuracy": 0.9992451107756047,
      "precision": 0.7222222222222222,
      "recall": 0.6933333333333334,
      "f1": 0.7074829931972789,
      "auc": 0.9361752245680033
    },
    "confusion_matrix": [
      [
        56867,
        20
      ],
      [
        23,
        52
      ]
    ]
  }
}