{
  "dataset": "creditcard",
  "run_id": 5,
  "seed": 500,
  "config": {
    "emb_dim": 32,
    "hidden_dim": 64,
    "n_layers": 2,
    "loss": "bce",
    "lr": 0.001,
    "activation": "relu"
  },
  "n_features": 29,
  "embedding_dim": 32,
  "timestamp": "2026-03-25T06:08:21.560819",
  "raw": {
    "best_params": {
      "n_estimators": 78,
      "max_depth": 7,
      "learning_rate": 0.16513460602079683,
      "reg_lambda": 0.9210588264166724,
      "gamma": 1.734837384355474,
      "min_child_weight": 2.4583134058864875
    },
    "metrics": {
      "accuracy": 0.9995259997893332,
      "precision": 0.875,
      "recall": 0.7466666666666667,
      "f1": 0.8057553956834532,
      "auc": 0.9832765541043355
    },
    "confusion_matrix": [
      [
        56879,
        8
      ],
      [
        19,
        56
      ]
    ]
  },
  "embedded": {
    "best_params": {
      "n_estimators": 125,
      "max_depth": 6,
      "learning_rate": 0.12062265044336752,
      "reg_lambda": 0.2579461535749356,
      "gamma": 0.24067874334528574,
      "min_child_weight": 0.31905784662557024
    },
    "metrics": {
      "accuracy": 0.9994382219725431,
      "precision": 0.8115942028985508,
      "recall": 0.7466666666666667,
      "f1": 0.7777777777777778,
      "auc": 0.9591626675104447
    },
    "confusion_matrix": [
      [
        56874,
        13
      ],
      [
        19,
        56
      ]
    ]
  }
}