{
  "dataset": "creditcard",
  "run_id": 3,
  "seed": 300,
  "config": {
    "emb_dim": 32,
    "hidden_dim": 64,
    "n_layers": 2,
    "loss": "bce",
    "lr": 0.001,
    "activation": "relu"
  },
  "n_features": 29,
  "embedding_dim": 32,
  "timestamp": "2026-03-25T05:55:31.715233",
  "raw": {
    "best_params": {
      "n_estimators": 181,
      "max_depth": 9,
      "learning_rate": 0.09973663633783222,
      "reg_lambda": 0.9118581970198938,
      "gamma": 0.4416027436293408,
      "min_child_weight": 0.18763235182173005
    },
    "metrics": {
      "accuracy": 0.9995435553526912,
      "precision": 0.8888888888888888,
      "recall": 0.7466666666666667,
      "f1": 0.8115942028985508,
      "auc": 0.9869739424941844
    },
    "confusion_matrix": [
      [
        56880,
        7
      ],
      [
        19,
        56
      ]
    ]
  },
  "embedded": {
    "best_params": {
      "n_estimators": 90,
      "max_depth": 10,
      "learning_rate": 0.22887785284257953,
      "reg_lambda": 2.00726926984486,
      "gamma": 1.2912884316264124,
      "min_child_weight": 0.4520366270799555
    },
    "metrics": {
      "accuracy": 0.999385555282469,
      "precision": 0.7702702702702703,
      "recall": 0.76,
      "f1": 0.7651006711409396,
      "auc": 0.9850187213247314
    },
    "confusion_matrix": [
      [
        56870,
        17
      ],
      [
        18,
        57
      ]
    ]
  }
}