{
  "dataset": "creditcard_sparse",
  "run_id": 9,
  "seed": 900,
  "config": {
    "emb_dim": 32,
    "hidden_dim": 64,
    "n_layers": 2,
    "loss": "bce",
    "lr": 0.001,
    "activation": "relu"
  },
  "n_features": 29,
  "embedding_dim": 32,
  "timestamp": "2026-03-25T07:31:38.227813",
  "raw": {
    "best_params": {
      "n_estimators": 153,
      "max_depth": 5,
      "learning_rate": 0.27776105503687637,
      "reg_lambda": 1.8007588568868615,
      "gamma": 0.5863634469627588,
      "min_child_weight": 0.795614379045387
    },
    "metrics": {
      "accuracy": 0.9994557775359011,
      "precision": 0.8666666666666667,
      "recall": 0.6933333333333334,
      "f1": 0.7703703703703704,
      "auc": 0.9501418601789512
    },
    "confusion_matrix": [
      [
        56879,
        8
      ],
      [
        23,
        52
      ]
    ]
  },
  "embedded": {
    "best_params": {
      "n_estimators": 172,
      "max_depth": 10,
      "learning_rate": 0.09993491911642459,
      "reg_lambda": 0.4858753722294613,
      "gamma": 1.5532814579716414,
      "min_child_weight": 1.7311638813365273
    },
    "metrics": {
      "accuracy": 0.999420666409185,
      "precision": 0.8620689655172413,
      "recall": 0.6666666666666666,
      "f1": 0.7518796992481203,
      "auc": 0.9546579476271673
    },
    "confusion_matrix": [
      [
        56879,
        8
      ],
      [
        25,
        50
      ]
    ]
  }
}