{
  "dataset": "creditcard",
  "run_id": 1,
  "seed": 100,
  "config": {
    "emb_dim": 32,
    "hidden_dim": 64,
    "n_layers": 2,
    "loss": "bce",
    "lr": 0.001,
    "activation": "relu"
  },
  "n_features": 29,
  "embedding_dim": 32,
  "timestamp": "2026-03-25T05:43:05.210816",
  "raw": {
    "best_params": {
      "n_estimators": 104,
      "max_depth": 7,
      "learning_rate": 0.2981353439740777,
      "reg_lambda": 5.070841541451551,
      "gamma": 0.854831484954658,
      "min_child_weight": 0.10773058688269176
    },
    "metrics": {
      "accuracy": 0.9995962220427653,
      "precision": 0.9193548387096774,
      "recall": 0.76,
      "f1": 0.8321167883211679,
      "auc": 0.9871647300789285
    },
    "confusion_matrix": [
      [
        56882,
        5
      ],
      [
        18,
        57
      ]
    ]
  },
  "embedded": {
    "best_params": {
      "n_estimators": 114,
      "max_depth": 5,
      "learning_rate": 0.1689750226906048,
      "reg_lambda": 0.17872671708447685,
      "gamma": 0.48641042928132094,
      "min_child_weight": 0.800486838456111
    },
    "metrics": {
      "accuracy": 0.999385555282469,
      "precision": 0.7702702702702703,
      "recall": 0.76,
      "f1": 0.7651006711409396,
      "auc": 0.9633172195170543
    },
    "confusion_matrix": [
      [
        56870,
        17
      ],
      [
        18,
        57
      ]
    ]
  }
}