{
  "dataset": "santander",
  "run_id": 9,
  "seed": 900,
  "config": {
    "emb_dim": 32,
    "hidden_dim": 64,
    "n_layers": 2,
    "loss": "bce",
    "lr": 0.001,
    "activation": "relu"
  },
  "n_features": 200,
  "embedding_dim": 32,
  "timestamp": "2026-03-25T08:32:28.165774",
  "raw": {
    "best_params": {
      "n_estimators": 133,
      "max_depth": 7,
      "learning_rate": 0.08371048072324135,
      "reg_lambda": 0.105638437636094,
      "gamma": 0.054919449306211246,
      "min_child_weight": 0.4996548997974755
    },
    "metrics": {
      "accuracy": 0.8716,
      "precision": 0.4090680943617199,
      "recall": 0.6038528031612744,
      "f1": 0.48773189706762415,
      "auc": 0.8598332906939092
    },
    "confusion_matrix": [
      [
        32419,
        3532
      ],
      [
        1604,
        2445
      ]
    ]
  },
  "embedded": {
    "best_params": {
      "n_estimators": 143,
      "max_depth": 10,
      "learning_rate": 0.0720645206502799,
      "reg_lambda": 8.927645834399284,
      "gamma": 1.9968681457591586,
      "min_child_weight": 1.101208287423035
    },
    "metrics": {
      "accuracy": 0.851175,
      "precision": 0.3636493841306216,
      "recall": 0.6270684119535688,
      "f1": 0.4603390445109238,
      "auc": 0.846593105421838
    },
    "confusion_matrix": [
      [
        31508,
        4443
      ],
      [
        1510,
        2539
      ]
    ]
  }
}