{
  "dataset": "creditcard_sparse",
  "generated_at": "2026-01-07T16:30:55.285745",
  "frozen": {
    "n_components": [
      30,
      27,
      24,
      21,
      18,
      16,
      14,
      12,
      10,
      9,
      8,
      7,
      6,
      5,
      4,
      3,
      2
    ],
    "explained_variance": [
      1.0,
      0.942323250293354,
      0.8472659419659164,
      0.7492299901798315,
      0.650217331789227,
      0.583836935289263,
      0.517209004377578,
      0.44993257718192387,
      0.38235373651112936,
      0.34845192612745296,
      0.3144735355489749,
      0.2804701921978584,
      0.2463259013333836,
      0.21157758981460922,
      0.17676498587739423,
      0.14144975817557426,
      0.10557514582659235
    ],
    "train_f1": [
      0.8717948717948718,
      0.8911917098445595,
      0.8841354723707665,
      0.8809946714031972,
      0.8717948717948718,
      0.8481481481481481,
      0.7950310559006211,
      0.796875,
      0.7533460803059273,
      0.6941580756013745,
      0.6310517529215359,
      0.6202783300198808,
      0.5644171779141104,
      0.32220039292730845,
      0.27165354330708663,
      0.18661257606490872,
      0.1189710610932476
    ],
    "train_auc": [
      0.9986091295309458,
      0.9998872743570806,
      0.9996654917785294,
      0.9994271487782549,
      0.9988963544691044,
      0.9981299430706809,
      0.9959438444297588,
      0.9949929523928046,
      0.9939524947086584,
      0.9915082338498791,
      0.9894331289760896,
      0.9859840112407552,
      0.979986545887084,
      0.9603711157715308,
      0.9490269809441194,
      0.9399261991364477,
      0.856583366105752
    ],
    "train_accuracy": [
      0.9995903653940685,
      0.9996313288546617,
      0.9996196250087779,
      0.9996079211628941,
      0.9995903653940685,
      0.999520142318766,
      0.999420659628754,
      0.9993914000140446,
      0.9992451019404976,
      0.9989583577163456,
      0.9987067250298448,
      0.9988822827181012,
      0.9987535404133798,
      0.9979810865850518,
      0.9978347885115049,
      0.9976533789003066,
      0.9967931462278504
    ],
    "train_precision": [
      0.9153846153846154,
      0.8805460750853242,
      0.9018181818181819,
      0.8953068592057761,
      0.9153846153846154,
      0.9015748031496063,
      0.9746192893401016,
      0.9026548672566371,
      0.8312236286919831,
      0.6824324324324325,
      0.6038338658146964,
      0.7188940092165899,
      0.6798029556650246,
      0.36771300448430494,
      0.3108108108108108,
      0.2222222222222222,
      0.11011904761904762
    ],
    "train_recall": [
      0.8321678321678322,
      0.9020979020979021,
      0.8671328671328671,
      0.8671328671328671,
      0.8321678321678322,
      0.8006993006993007,
      0.6713286713286714,
      0.7132867132867133,
      0.6888111888111889,
      0.7062937062937062,
      0.6608391608391608,
      0.5454545454545454,
      0.4825174825174825,
      0.2867132867132867,
      0.24125874125874125,
      0.16083916083916083,
      0.12937062937062938
    ],
    "val_f1": [
      0.7724867724867724,
      0.7700534759358288,
      0.7374301675977654,
      0.6896551724137931,
      0.7045454545454546,
      0.6628571428571428,
      0.6282051282051282,
      0.611764705882353,
      0.6145251396648045,
      0.5829145728643216,
      0.5754716981132075,
      0.5393258426966292,
      0.5536723163841808,
      0.2073170731707317,
      0.12578616352201258,
      0.1032258064516129,
      0.10416666666666667
    ],
    "val_auc": [
      0.9815997603981291,
      0.9862517978846777,
      0.9814385166972553,
      0.9810401089352692,
      0.9729491925625907,
      0.9689276771504094,
      0.9720238696398658,
      0.967329518741533,
      0.9636600927064215,
      0.9577172349665498,
      0.9388900304029699,
      0.9368712627506155,
      0.9470486830603566,
      0.9013758824000586,
      0.8820955934847793,
      0.8608250941168687,
      0.7976662325043619
    ],
    "val_accuracy": [
      0.9992450975228665,
      0.9992450975228665,
      0.9991748740366215,
      0.9990519829356929,
      0.9990870946788153,
      0.9989642035778866,
      0.9989817594494479,
      0.998841312476958,
      0.9987886448622741,
      0.9985428626604168,
      0.998419971559488,
      0.998560418531978,
      0.9986130861466618,
      0.9977177366970383,
      0.9975597338529871,
      0.9975597338529871,
      0.9969803900914661
    ],
    "val_precision": [
      0.8295454545454546,
      0.8372093023255814,
      0.8461538461538461,
      0.821917808219178,
      0.8266666666666667,
      0.7837837837837838,
      0.8909090909090909,
      0.7536231884057971,
      0.7051282051282052,
      0.5918367346938775,
      0.5495495495495496,
      0.6233766233766234,
      0.6447368421052632,
      0.2698412698412698,
      0.1724137931034483,
      0.14814814814814814,
      0.10989010989010989
    ],
    "val_recall": [
      0.7227722772277227,
      0.7128712871287128,
      0.6534653465346535,
      0.594059405940594,
      0.6138613861386139,
      0.5742574257425742,
      0.48514851485148514,
      0.5148514851485149,
      0.5445544554455446,
      0.5742574257425742,
      0.6039603960396039,
      0.4752475247524752,
      0.48514851485148514,
      0.16831683168316833,
      0.09900990099009901,
      0.07920792079207921,
      0.09900990099009901
    ],
    "test_f1": [
      0.7902439024390244,
      0.751219512195122,
      0.717948717948718,
      0.694300518134715,
      0.6881720430107527,
      0.6521739130434783,
      0.6473988439306358,
      0.6630434782608695,
      0.6774193548387096,
      0.6226415094339622,
      0.5622119815668203,
      0.4530386740331492,
      0.45901639344262296,
      0.14207650273224043,
      0.12429378531073447,
      0.10752688172043011,
      0.09174311926605505
    ],
    "test_auc": [
      0.9771257381718714,
      0.9666551926009865,
      0.9667690957347465,
      0.9651243679841741,
      0.9624570245988893,
      0.9588695783992757,
      0.9596059286581122,
      0.950864281903556,
      0.9414037891217483,
      0.9349858500481993,
      0.9317342505885693,
      0.9329041027741275,
      0.9240364925540014,
      0.8905917686560351,
      0.8770020360185159,
      0.8632508289384311,
      0.7658408689469068
    ],
    "test_accuracy": [
      0.9992451107756047,
      0.9991046662687406,
      0.9990344440153085,
      0.9989642217618764,
      0.9989817773252344,
      0.9988764439450862,
      0.9989291106351603,
      0.9989115550718023,
      0.9989466661985184,
      0.9985955549313578,
      0.9983322214809873,
      0.9982619992275552,
      0.9982619992275552,
      0.9972437765527896,
      0.9972788876795057,
      0.9970857764825674,
      0.9965239984551104
    ],
    "test_precision": [
      0.81,
      0.77,
      0.7777777777777778,
      0.7613636363636364,
      0.7901234567901234,
      0.759493670886076,
      0.8235294117647058,
      0.7721518987341772,
      0.7777777777777778,
      0.616822429906542,
      0.5446428571428571,
      0.5394736842105263,
      0.5384615384615384,
      0.16666666666666666,
      0.1527777777777778,
      0.12345679012345678,
      0.08849557522123894
    ],
    "test_recall": [
      0.7714285714285715,
      0.7333333333333333,
      0.6666666666666666,
      0.638095238095238,
      0.6095238095238096,
      0.5714285714285714,
      0.5333333333333333,
      0.580952380952381,
      0.6,
      0.6285714285714286,
      0.580952380952381,
      0.3904761904761905,
      0.4,
      0.12380952380952381,
      0.10476190476190476,
      0.09523809523809523,
      0.09523809523809523
    ],